title,score
明日への地図を探して,3.9
TENET テネット,4.1
ヲタクに恋は難しい,3.0
SNS-少女たちの10日間-,3.3
劇場版「鬼滅の刃」無限列車編,4.1
マーメイド・イン・パリ,3.7
カイジ ファイナルゲーム,3.0
ミナリ,3.9
まともじゃないのは君も一緒,-
窮鼠はチーズの夢を見る,3.7
ソウルフル・ワールド,4.1
映画　えんとつ町のプペル,3.8
劇場版 ヴァイオレット・エヴァーガーデン,4.4
この茫漠たる荒野で,3.7
糸,3.8
DAU. ナターシャ,3.8
コンフィデンスマンJP　プリンセス編,4.0
MOTHER マザー,3.5
ハーレイ・クインの華麗なる覚醒　BIRDS OF PREY,3.6
ザ・プロム,3.8
ステップ,3.9
犬鳴村,2.7
劇場,3.7
魔女がいっぱい,3.4
新解釈・三國志,3.1
1秒先の彼女,4.5
オール・マイ・ライフ,3.7
パーム・スプリングス,3.6
好きだった君へ:P.S.まだ大好きです,3.7
藁にもすがる獣たち,3.5
ザ・コール,3.8
新感染半島 ファイナル・ステージ,3.7
事故物件 恐い間取り,2.7
Pleasure（原題）,2.9
青くて痛くて脆い,3.4
約束のネバーランド,3.4
サンドラの小さな家,3.2
罪の声,3.9
ハーフ・オブ・イット: 面白いのはこれから,3.9
ノマドランド,3.8
シカゴ7裁判,4.0
浅田家！,4.0
Promising Young Woman（原題）,4.0
今日から俺は!! 劇場版,3.8
佐々木、イン、マイマイン,4.0
太陽は動かない,-
私をくいとめて,3.9
スパイの妻,3.8
シグナル100,2.6
架空OL日記,4.0
ミッドナイトスワン,4.2
水曜日が消えた,3.6
最高に素晴らしいこと,3.7
Mank マンク,3.7
美少女戦士セーラームーンEternal 後編,3.7
泣く子はいねぇが,3.8
もう終わりにしよう。,3.3
ファーザー,4.2
砕け散るところを見せてあげる,-
キングスマン：ファースト・エージェント,-
ラストレター,3.8
思い、思われ、ふり、ふられ,3.6
天外者,4.0
カポネ,3.2
ペンギンが教えてくれたこと,3.8
Ｒｅｄ,3.2
オン・ザ・ロック,3.8
宇宙でいちばんあかるい屋根,3.8
みんな死んだ,3.3
ザ・スイッチ,3.4
愛してるって言っておくね,3.7
プリズン・エスケープ　脱出への10の鍵,3.6
ラーヤと龍の王国,-
スマホを落としただけなのに 囚われの殺人鬼,3.4
ニュー・ミュータント,3.3
MISS ミス・フランスになりたい！,3.9
ワンダーウーマン 1984,3.7
#生きている,3.4
STAND BY ME ドラえもん2,3.7
きみの瞳（め）が問いかけている,3.9
ステージ・マザー,4.2
フェリチタ！,3.5
朝が来る,4.0
劇場版 奥様は、取扱い注意,-
恋する寄生虫,-
ドクター・ドリトル,3.5
ムーラン,3.3
泣きたい私は猫をかぶる,3.5
生きちゃった,3.8
アオラレ,3.4
弱くて強い女たち,3.9
小説の神様 君としか描けない物語,3.1
Detective Chinatown 3（英題）,4.0
タイラー・レイク －命の奪還－,3.8
望み,3.7
星の子,3.6
一度死んでみた,3.5
アルプススタンドのはしの方,4.0
ケミカル・ハーツ,3.7
2分の1の魔法,3.9
シン・エヴァンゲリオン劇場版,-
エノーラ・ホームズの事件簿,3.7
BLACKPINK ライトアップ・ザ・スカイ,4.0
東京リベンジャーズ,-
ムヒカ 世界でいちばん貧しい大統領から日本人へ,4.0
仮面病棟,3.5
サイトレス,3.1
初恋,3.8
オールド・ガード,3.8
ドクター・デスの遺産－BLACK FILE－,3.1
悪魔はいつもそこに,3.6
ミッドナイト・スカイ,3.3
ザ・ハント,3.7
キスから始まるものがたり2,3.8
本気のしるし　劇場版,4.1
友だちの友だち,3.0
サヨナラまでの30分,3.9
ジョゼと虎と魚たち,3.9
映画クレヨンしんちゃん 激突！ラクガキングダムとほぼ四人の勇者,3.8
劇場版ポケットモンスター ココ,4.0
アーヤと魔女,3.1
ビューティー・ボーイズ／美しき少年たち,3.5
アンモナイトの目覚め,3.2
そこにいた男,3.1
影裏,3.3
DUNE/デューン 砂の惑星,-
ジャングル・クルーズ,-
ビルとテッドの時空旅行 音楽で世界を救え！,3.7
君が世界のはじまり,3.8
私というパズル,3.7
言葉にならない,3.4
潔白,3.6
mellow,3.6
三島由紀夫vs東大全共闘 50年目の真実,4.0
さくら,3.5
ヒルビリー・エレジー -郷愁の哀歌-,3.7
フィールズ・グッド・マン,4.0
僕が跳びはねる理由,5.0
核家族,3.3
空っぽの場所,3.2
his,3.9
ワイルド・スピード／ジェットブレイク,-
レベッカ,3.4
静かな雨,3.7
ノクターン,3.4
テスラ エジソンが恐れた天才,3.3
Another Round（英題）,3.8
フランクおじさん,3.9
青く震える娘,3.0
魔女見習いをさがして,3.8
喜劇 愛妻物語,3.6
ザ・ベビーシッター ～キラークイーン～,3.6
滝沢歌舞伎 ZERO 2020 The Movie,4.1
マ・レイニーのブラックボトム,3.7
陰陽師: とこしえの夢,3.5
弥生、三月-君を愛した３０年-,3.2
ソニック・ザ・ムービー,3.6
ノッティングヒルの洋菓子店,3.4
サイダーのように言葉が湧き上がる,3.7
ザ・グラッジ 死霊の棲む屋敷,3.1
あの夜、マイアミで,3.8
Summer of 85（英題）,3.7
アウトポスト,3.8
40歳の解釈: ラダの場合,3.9
ウルフウォーカー,4.1
僕たちの嘘と真実 Documentary of 欅坂46,4.2
スターガール,3.6
スプリー,3.4
スカイライン −逆襲−,3.3
プリンセス・プリンシパル Crown Handler 第1章,4.0
AI崩壊,3.4
野性の呼び声,3.6
ソワレ,3.7
劇場版 SHIROBAKO,4.0
監視資本主義　デジタル社会がもたらす光と影,3.9
アンダードッグ 後編,4.1
Work It 輝けわたし！,3.6
ある用務員,3.7
MORTAL モータル,3.2
アンコントロール,4.0
AGANAI 地下鉄サリン事件と私,-
旅立つ息子へ,2.6
めぐみへの誓い,3.0
バッドボーイズ　フォー・ライフ,3.7
プロジェクト・パワー,3.4
サイレント・トーキョー,3.3
スペンサー・コンフィデンシャル,3.4
アンダードッグ 前編,4.0
ネクスト・ドリーム／ふたりで叶える夢,3.8
のぼる小寺さん,3.9
なぜ君は総理大臣になれないのか,4.1
ジオラマボーイ・パノラマガール,3.5
スタントウーマン ハリウッドの知られざるヒーローたち,3.7
ズーム／見えない参加者,3.3
狂武蔵,3.2
GOGO（ゴゴ）94歳の小学生,3.6
映画 ギヴン,4.2
さらば！2020年,3.7
水を抱く女,3.6
トップガン マーヴェリック,-
おらおらでひとりいぐも,3.6
子供はわかってあげない,3.9
性の劇薬,2.7
アメリカン・マーダー: 一家殺害事件の実録,3.5
ヒーローキッズ,3.2
私がモテてどうすんだ,3.4
"18歳の""やっちまえ""リスト",3.5
アフター -壊れる絆-,3.5
これからの人生,3.6
Antebellum（原題）,3.5
クラウズ 雲の彼方へ,4.1
スカイ・シャーク,3.8
クレイジーズ 42日後,2.1
Welcome to Chechnya（原題）,4.1
映画ドラえもん のび太の新恐竜,3.8
ザ・ファイブ・ブラッズ,3.8
とんかつDJアゲ太郎,3.5
デジモンアドベンチャー LAST EVOLUTION 絆,4.0
空に住む,3.3
記憶屋 あなたを忘れない,3.2
弱虫ペダル,3.7
461個のおべんとう,3.7
ピーターラビット２／バーナバスの誘惑,3.3
アイヌモシリ,3.9
3年目のデビュー,4.0
峠 最後のサムライ,-
Emma. （原題）,3.6
君の心に刻んだ名前,3.8
椿の庭,-
アンビアンス（原題）,3.0
シティーコップ 余命30日?!のヒーロー,3.5
国際捜査！,2.9
スプートニク,2.8
劇場版メイドインアビス　深き魂の黎明,4.1
Daughters,3.7
ホリデーオンリー: とりあえずボッチ回避法?,3.5
PSYCHO-PASS サイコパス 3 FIRST INSPECTOR,3.7
一度も撃ってません,3.4
シライサン,3.0
フィール・ザ・ビート,3.6
クリスマス・クロニクル PART2,3.6
ユーロビジョン歌合戦 〜ファイア・サーガ物語〜,3.7
8日で死んだ怪獣の12日の物語,3.4
はりぼて,4.0
マイ・スパイ,3.6
続·ボラット 栄光ナル国家だったカザフスタンのためのアメリカ貢ぎ物計画,3.8
獣の棲む家,3.1
ヒノマルソウル～舞台裏の英雄たち～,-
その住人たちは,3.3
グレイス －消えゆく幸せ－,3.4
ボイス －深淵からの囁き－,3.2
Supernova（原題）,4.0
ローズ島共和国 ～小さな島の大波乱～,3.6
きまじめ楽隊のぼんやり戦争,4.1
ミリオンダラー・スティーラー　史上最大の作戦,3.4
映像研には手を出すな！,3.6
アンダーウォーター,3.4
破壊の日,3.5
BURN THE WITCH,3.8
滑走路,3.7
緊急事態宣言,3.1
みをつくし料理帖,3.6
どうにかなる日々,3.5
アーニャは、きっと来る,3.6
燃えよデブゴン／TOKYO MISSION,3.7
ヘルムート・ニュートンと12人の女たち,3.7
フード・ラック！食運,3.6
精神0,3.9
真･鮫島事件,3.1
水上のフライト,3.7
ヒットマン エージェント：ジュン,3.7
マイ・ストーリー,4.1
13月の女の子,3.7
"Never, Rarely, Sometimes, Always（原題）",4.3
"アリアナ・グランデ excuse me, i love you",4.0
バッド・ヘアー,3.2
ACCA13区監察課 Regards,3.9
アトラクション -侵略-,3.0
由宇子の天秤,4.8
レフト ー恐怖物件ー,2.8
マシュー・ボーン IN CINEMA 赤い靴,3.8
写真の女,3.5
甦る三大テノール 永遠の歌声,4.0
シルヴィ　恋のメロディ,3.6
トレマーズ　地獄島,3.4
ネイバー・イン・ザ・ウインドウ,3.1
にしきたショパン,4.2
ハイスクール・ミュージカル：ザ・ミュージカル ホリデー・スペシャル,3.7
パブリック・トラスト,3.6
忘れられた神様,-
前田建設ファンタジー営業部,3.8
ガーディアンズ・オブ・ギャラクシー Vol.3（原題）,-
風の電話,3.7
ホテルローヤル,3.3
わたしは金正男を殺してない,3.9
はるヲうるひと,-
劇場版 おいしい給食 Final Battle,3.7
夏、至るころ,3.6
思い、思われ、ふり、ふられ,3.4
十二単衣を着た悪魔,3.4
青い、森,3.5
ラブ・ギャランティード,3.3
スイッチング・プリンセス もう一度スイッチ!,3.5
クローゼット,3.5
劇場版 仮面ライダーゼロワン REAL×TIME,4.1
無頼,3.4
ブラック・ボックス,3.5
囀る鳥は羽ばたかない The clouds gather,3.8
Candyman（原題）,3.0
蒲田前奏曲,3.6
スポンジ・ボブ　スポンジ・オン・ザ・ラン,3.7
シークレット・ラブ: 65年後のカミングアウト,4.0
建築と時間と妹島和世,2.9
ファンタジー・アイランド,2.7
日本人の忘れもの　フィリピンと中国の残留邦人,4.2
友達やめた。,3.8
人狼ゲーム デスゲームの運営人,3.6
AVA／エヴァ,2.8
悪は存在せず,3.7
香港画,3.9
The Conjuring: The Devil Made Me Do It（原題）,-
リーサル・ストーム,3.2
キス・ザ・グラウンド: 大地が救う地球の未来,4.2
ロストブレット　窮地のカーチェイス,3.0
スポンティニアス,3.5
AK vs AK,4.0
マ・レイニーのブラックボトムが映画になるまで,3.4
Voice of Silence(英題）,3.5
グッドバイ,3.6
ワーキング・ガールズ,3.2
迷子になった拳,3.5
タイム・ガーディアンズ 異界の魔女と時をかける少女,-
ウィジャ・シャーク　霊界サメ大戦,1.4
Recoding Entropia,2.5
Always and Forever（原題）,-
ミス・アメリカーナ,4.1
人数の町,3.4
コリアタウン殺人事件,3.2
アルテミスと妖精の身代金,2.8
ブラッドショット,3.5
マクマホン・ファイル,2.8
劇場版 Fate/Grand Order -神聖円卓領域キャメロット- Wandering; Agateram,3.2
老後の資金がありません！,-
BREAK THE SILENCE: THE MOVIE,4.3
ホース・ガール,3.2
ヒュービーのハロウィーン,3.3
サマーフィルムにのって,4.1
#ハンド全力,3.5
ラブ、ウェディング、リピート,3.3
グレイハウンド,3.6
リスタートはただいまのあとで,3.5
誰も眠らない森,2.7
ウィロビー家の子どもたち,3.5
きょうのできごと a day in the home,3.4
トランスジェンダーとハリウッド: 過去、現在、そして,4.2
ザ・ターニング,2.8
ビューティフル ドリーマー,3.3
もったいないキッチン,3.5
Wonderland（英題）,-
裏アカ,-
ジングル・ジャングル 魔法のクリスマスギフト,3.5
Without Remorse（原題）,-
ビースティ・ボーイズ・ストーリー,4.0
『犬鳴村』恐怖回避ばーじょん 劇場版,2.6
日本独立,3.1
過去はいつも新しく、未来はつねに懐かしい　写真家 森山大道,3.7
オラフの生まれた日,3.8
大怪獣のあとしまつ,-
ザ・ウェイバック,3.5
おかえり　ただいま,2.9
ロックンロール・ストリップ,3.5
夢追いウサギ,3.9
The War with Grandpa（原題）,3.3
コスメティック・ウォー　わたしたちがbossよ！,3.2
Kajillionaire（原題）,4.0
ザ・ビースト,2.8
カラミティ（仮題）,3.8
ショーン・メンデス　ありのままの魅力,4.0
明日、キミのいない世界で,2.9
Life in a Year（原題）,3.4
アンブレイカブル・キミー・シュミット: キミーVS教祖,3.6
TOVE（原題）,3.2
オクトパスの神秘: 海の賢者は語る,4.2
演じる女,4.2
MOTHERS,4.1
Days（英題）,3.6
エポックのアトリエ 菅谷晋一がつくるレコードジャケット,3.9
劇場版 生徒会役員共2,3.5
警察と泥棒,3.7
ROMA/ローマ 完成までの道,3.9
リョーマ！ The Prince of Tennis 新生劇場版テニスの王子様,-
アーカイヴ,3.4
トゥルーノース,4.1
こちら放送室よりトム少佐へ,3.7
トム・クルーズ-永遠の若さを追求して-,3.5
Josée (英題）,3.5
Irréversible - Inversion Intégrale（原題）,-
ブラック・クローラー,2.6
SEASONS OF WOMAN,3.6
SAMJIN COMPANY ENGLISH CLASS（英題）,3.8
デヴィッド・アッテンボロー: 地球に暮らす生命,4.1
ストレンジ・ワールド　異世界への招待状,2.0
兎たちの暴走,3.5
ウルトラス,3.3
なんのちゃんの第二次世界大戦,4.2
ホワイトシャーク　海底の白い死神,2.2
GET SET GO,3.1
君の視線が止まる先に,3.6
新作歌舞伎『風の谷のナウシカ』,3.8
Pawn（英題）,4.2
Canvas（原題）,3.2
残光に祈りを,3.6
この子をよろしく ～突然!? 育児トライアル～,3.4
コスモボール／COSMOBALL,3.5
狼をさがして,-
タイタンフォール 巨神降臨,1.6
Run Hide Fight（原題）,3.5
ただ傍にいるだけで,3.5
ピース・オブ・ケイク　グランマのレシピ,2.7
デューン・ サバイバー 砂の惑星,-
Red Soil（英題）,-
"Wittgenstein Plays Chess with Marcel Duchamp, or How Not to Do Philosophy（原題）",4.8
劇場版 Fate/stay night Heaven's Feel Ⅲ.spring song,4.2
カメラを止めるな！リモート大作戦！,3.5
耳をすませば,-
狩りの時間,3.4
僕のミッシー,3.3
恋する遊園地,3.5
10万分の1,3.3
リトル・サブカル・ウォーズ 〜ヴィレヴァン！の逆襲〜,3.6
ハピエスト・ホリデー 私たちのカミングアウト,3.6
ロストガールズ,3.1
貴族降臨 PRINCE OF LEGEND,3.3
殺人ホテル,2.8
ハミルトン,4.5
ボー・ピープはどこに？,3.6
うたのはじまり,4.2
The Green Knight（原題）,-
恋するけだもの,3.9
侍の名のもとに　野球日本代表　侍ジャパンの800日,3.9
Reframe THEATER EXPERIENCE with you,4.3
The Secret Garden（原題）,3.4
愛は、365の日々で,2.8
踊ってミタ,3.6
The Nightingale（原題）,-
コフィー＆カリーム,3.2
ヘイター,3.5
希望のカタマリ,3.6
仮面ライダージオウ NEXT TIME ゲイツ、マジェスティ,3.6
ポゼッサー,3.5
The Sandman（原題）,-
Last Lover ラストラバー,3.5
わたしは分断を許さない,3.9
The Croods: A New Age（原題）,3.9
ルーブル美術館の夜 ―ダ・ヴィンチ没後500年展,3.7
デンジャラス・ライ,3.1
ゾンビーズ2,3.7
Rifkin's Festival（原題）,-
魚座どうし,4.0
Run（原題）,3.6
いまだったら言える気がする,3.4
ラブバード,3.3
アンチ・ライフ,2.6
Life線上の僕ら ディレクターズカット版,3.9
名も無い日,3.8
タイガーテール －ある家族の記憶－,3.4
映画館にいく日,3.3
劇場短編 仮面ライダーセイバー 不死鳥の剣士と破滅の本,2.8
サイケな世界 ～スターが語る幻覚体験～,3.7
フェアリー・ゴッドマザー,3.6
映画プリキュアミラクルリープ みんなとの不思議な1日,3.8
グッドボタン　暴走する若者たち,2.9
劇場版ウルトラマンタイガ ニュージェネクライマックス,3.6
恐竜超伝説　劇場版ダーウィンが来た！,3.4
仮面ライダー電王　プリティ電王とうじょう！,3.6
KING OF PRISM ALL STARS プリズムショー☆ベストテン,4.5
都会のトム＆ソーヤ,-
ディープ・ブルー3,2.8
Deliver Us From Evil（英題）,3.6
ふたつのシルエット,3.7
海辺の彼女たち,3.9
ヴァンパイアvsザ・ブロンクス,3.2
Greenland（原題）,3.2
失墜,3.0
ママは世直しヒーロー,2.9
東京バタフライ,3.6
愛のまなざしを,-
死神遣いの事件帖 -傀儡夜曲-,3.5
カリフォルニア・クリスマス,3.4
パラメディック －闇の救急救命士－,3.0
キューティーズ！,3.2
新卒ポモドーロ,4.0
真夜中のマグノリアで,3.4
シネマ歌舞伎　三谷かぶき　月光露針路日本　風雲児たち,4.0
After Yang（原題）,-
Infinite（原題）,-
クローゼット,3.7
あざみさんのこと 誰でもない恋人たちの風景vol.2,3.6
Words on Bathroom Walls（原題）,4.1
HoneyWorks 10th Anniversary “LIP×LIP FILM×LIVE”,3.6
たぶん,3.3
Shirley（原題）,3.9
いとみち,-
アイム・ユア・ウーマン,3.5
ボス・ベイビー: ベイビー株式会社を救え!,3.0
ボーイズ・ステイト,4.1
Viena and the Fantomes（原題）,2.0
ヴァンガード／急先鋒,3.1
ローグ・シティ,3.0
イーブルアイ,2.8
Naked Singularity（原題）,-
甲子園：フィールド・オブ・ドリームス,4.0
ザ・シークレット:デア・トゥー・ドリーム,3.5
LEGO スター・ウォーズ／ホリデー・スペシャル,3.7
ブラック・イズ・キング,3.9
The World to Come（原題）,3.0
死ぬ間際,3.5
The Pirates: Goblin Flag（英題）,-
タイム,3.6
名探偵ティミー,3.5
デリート・ヒストリー,3.5
ボブという名の猫2(仮),3.3
私は決して泣かない,3.8
Disclosure: Trans Lives on Screen（原題）,4.3
花と沼,4.1
サイレント・ウォーター,2.8
Saint Laurent - Summer of '21（原題）,3.6
Gagarine（原題）,3.8
戦国ガールと剣道ボーイ,-
Dragon Rider（原題）,-
Come Away（原題）,2.7
シントイア・ブラウン: 裁きと赦し,3.5
リッチョーネの日差しの下で,3.4
ペーパー・ハウス: 人気の秘密に迫る,3.9
Come Play（原題）,3.1
愛しの故郷,3.4
Psycho Goreman（原題）,3.9
LUDO ～4つの物語～,3.9
水俣曼荼羅,4.8
Good Joe Bell（原題）,3.8
七人楽隊,3.8
DAU. Degeneration（英題）,3.3
ブーブル,3.2
生きている,3.2
もとめたせい,3.7
コロナウイルス　感染者,2.0
エクスペリメント・アット・セントレオナルズ女子刑務所,2.4
キリング・マシーン,3.2
宇宙戦艦ヤマト2205 新たなる旅立ち,-
悪魔がみている,4.0
ムーラン 美しき英雄,2.4
イエローキャット,3.7
I Care a Lot（原題）,3.6
サイレンシング,3.0
DNA（英題）,2.0
デイ・オブ・ザ・ロード,2.8
Le prince oublié（原題）,3.5
打姫オバカミーコ,2.9
タネは誰のもの,3.9
Summerland（原題）,3.6
かくも長き道のり,3.7
Heaven: To The Land of Happiness（英題）,-
City Hall（原題）,-
最後の入浴,3.5
ノートブック －愛するあなたへ－,3.5
ローズメイカー 奇跡のバラ,3.0
CHAIN,-
Passion simple（原題）,2.0
プレイヤー ～浮気男のラプソディ～,2.9
チャイニーズ・ゴースト・ストーリー,3.3
アネルカ: 天才プレーヤーの素顔,3.7
Collectors（英題）,3.2
蛋ヶ岳学会事件,2.7
タイガーハンター　水滸外伝,3.5
The Clark Sisters: First Ladies of Gospel（原題）,3.3
モンスターランナー 怪物大戦争,-
忘れたくないのに定かじゃない,2.6
The Wolf of Snow Hollow（原題）,4.0
劇場版　田園ボーイズ,3.0
TUBE チューブ　死の脱出,2.8
結びの島,2.8
Sun Children（原題）,3.9
S.A.S.特殊空挺部隊 史上最悪の極秘空輸ミッション,2.8
ビハインド・ユー　－その「何か」は、鏡の中にいる－,2.8
凱歌,3.9
Cosmetic DNA,3.7
アブノーマル・ロデオ・ブルース,3.2
The Kid Detective（原題）,3.1
されど吉祥とする,3.5
カミヤ・モブリー -私の母は誘拐犯-,3.0
John and the Hole（原題）,3.8
Forgotten We'll Be（英題）,3.5
さよなら2020年,3.6
Debt Collectors（原題）,3.2
Slalom（原題）,3.3
ザ・ラーバ・アイランド・ムービー,2.8
The Origin of the World（英題）,-
ワールズエンドファンクラブLP,2.5
I Don’t Fire Myself（英題）,-
Kay,-
短篇集 さりゆくもの,-
Mr.&Mrs.スパイ G,2.6
同級生マイナス,-
西遊記　孫悟空vsスパイダー・ウーマン,2.6
De Gaulle（原題）,3.1
One Night in Bangkok（原題）,2.8
The Metamorphosis of Birds（英題）,1.5
泣いたことがないなんて、嘘つきめ,-
Enfant Terrible（原題）,-
French Tech（英題）,-
All the Dead Ones（英題）,2.0
性春まみれ,3.4
10 jours sans maman（原題）,-
Embattled（原題）,2.3
P1H：新しい世界の始まり,-
Adverse（原題）,-
ドリームキャッチャー　呪われた魔除け,-
Some Kind of Heaven（原題）,-
Garcon chiffon（原題）,-
七つの大罪クラブ 生贄になった少女たち,-
Ghost in you,3.0
静謐と夕暮,4.0
Memory House（原題）,2.0
The Speech（英題）,-
ドラゴン・スクワッド,-
Vaurien（原題）,-
Broken Keys（原題）,-
Ibrahim（原題）,-
Souad（原題）,-
「銀河自転車の夜2019」 最終章,4.3
Night of the Kings（英題）,3.0
Striding with the Wind（英題）,-
The Death of Cinema and My Father Too（原題）,-
ぼくらベアベアーズ　ザ・ムービー,-
Back to the Wharf（英題）,-
HOKUSAI,3.4
Minamata（原題）,-
星屑の町,3.4
トロールズ ミュージック★パワー,3.7
スリープオーバー 夜の大冒険,3.3
フェイフェイと月の冒険,3.3
COMPLY+-ANCE コンプライアンス,3.4
ボーイズ・イン・ザ・バンド,3.6
ゴリラのアイヴァン,3.6
燕 Yan,3.5
銃2020,3.0
特別上映版「はたらく細胞!!」最強の敵、再び。体の中は“腸”大騒ぎ！,3.5
日本沈没2020 劇場編集版 シズマヌキボウ,3.0
僕は猟師になった,3.9
ザ・バンカー,3.8
グリーン・ランタン（原題）,4.0
鹿の王,-
オルタード・カーボン：リスリーブド,3.5
弱虫スクービーの大冒険,3.4
君は彼方,2.2
呪われの橋,3.2
デスペラードス 〜崖っぷち女子旅〜,3.1
Untitled Mike Mills Project（原題）,-
ナイト・ウォッチャー,3.1
Relic（原題）,3.3
ゴブリンスレイヤー GOBLIN'S CROWN,3.2
妖怪人間ベラ,3.3
The Stunt Double（原題）,3.7
がんばれいわ!!ロボコン ウララ〜！恋する汁なしタンタンメン!!の巻,3.3
サイボーグ（原題）,-
ファンファーレが鳴り響く,3.3
The Roads Not Taken（原題）,2.7
「進撃の巨人」〜クロニクル〜,3.8
劇場版 騎士龍戦隊リュウソウジャーVSルパンレンジャーVSパトレンジャー,3.9
ATEOTD,3.6
記憶の技法,3.3
機内モードな私,3.3
STAND STRONG,3.1
あるメイドの秘密,3.3
ラストデイズ・オブ・アメリカン・クライム,2.6
ママをやめてもいいですか!?,3.8
昼下がりの甘いパイ,3.4
八王子ゾンビーズ,3.1
Inheritance（原題）,2.9
相撲道～サムライを継ぐ者たち～,3.9
アース・フォール JIU JITSU,2.9
その男、東京につき,3.9
Shadow in the Cloud（原題）,2.2
ロストベイベーロスト,3.5
クリスマスドロップ作戦 ～南の島に降る奇跡～,3.4
イズィ&オズィ,3.5
The Tomorrow War（原題）,-
Gretel & Hansel（原題）,2.9
少女☆歌劇 レヴュー・スタァライト 再生産総集編 ロンド・ロンド・ロンド,4.1
ワインは期待と現実の味,3.6
Love and Monsters（英題）,3.4
Three Thousand Years of Longing（原題）,-
Let Them All Talk（原題）,2.8
Dating Amber（原題）,4.0
Malignant（原題）,-
皮膚を売った男,3.8
劇場版 Gのレコンギスタ II ベルリ撃進,3.8
Misbehaviour（原題）,3.6
別れる前にしておくべき10のこと,2.5
The King of Staten Island（原題）,3.6
The Comeback Trail（原題）,2.0
レディ・トゥ・レディ,3.7
Mob Girl（原題）,-
アンオーソドックス －制作の舞台裏－,4.0
映画 ふしぎ駄菓子屋　銭天堂,3.1
実りゆく,3.5
ブラック・ビューティー,3.6
劇場版 BEM ～BECOME HUMAN～,3.4
New Order（英題）,3.6
不夜城の男,3.6
仕事と日（塩尻たよこと塩谷の谷間で),3.9
The Human Voice（原題）,-
TOKYO TELEWORK FILM,3.8
the believers ビリーバーズ,3.5
in-side-out,3.2
トラブル・ウィズ・ビーイング・ボーン,3.0
ゲキ×シネ「偽義経冥界歌」,4.0
リッチな僕が恋したら,3.1
息子の面影,3.9
世界一初恋　プロポーズ編,3.6
鬼ガール！！,3.2
花のあとさき　ムツばあさんの歩いた道,4.2
Falling（原題）,3.5
TOKYO TELEPATH 2020,3.6
Resistance（原題）,3.3
空はどこにある,3.8
ケアニン　こころに咲く花,4.0
ベビーシッターのモンスターハンティング・ガイド,3.1
A Christmas Carol（原題）,-
オールデイ・アンド・ア・ナイト: 終身刑となった僕,3.4
AK-47 最強の銃　誕生の秘密,3.4
癒しのこころみ~自分を好きになる方法~,3.1
河童の女,3.3
Honest Thief（原題）,3.3
劇場版　ひみつ×戦士　ファントミラージュ！~映画になってちょーだいします~,3.5
天才画家ダ・ヴィンチのすべて,3.6
バレエ: 未来への扉,3.9
さよなら、ティラノ,-
完全なる飼育 etude,3.6
マーク・オブ・ザ・デビル,2.2
心霊喫茶「エクストラ」の秘密-The Real Exorcist-,2.9
Wild Mountain Thyme（原題）,3.4
Irresistible（原題）,3.1
The Nest（原題）,3.7
イエスかノーか半分か,3.8
阪神タイガース THE MOVIE 猛虎神話集,3.4
Shadowed（原題）,3.4
The Eyes of Tammy Faye（原題）,-
Laal Singh Chaddha（原題）,-
Cut Throat City（原題）,2.8
荒野のコトブキ飛行隊 完全版,3.6
ディック・ジョンソンの死,3.9
＃フォロー・ミー,2.8
ゲキ×シネ「けむりの軍団」,4.1
⼭猫は眠らない8 暗殺者の終幕,3.3
魔進戦隊キラメイジャー エピソードZERO,3.0
わたしは元気,4.2
巨蟲列島,2.5
zk／頭脳警察50 未来への鼓動,3.8
蒼穹のファフナー THE BEYOND 第七話・第八話・第九話,4.3
映画 おかあさんといっしょ すりかえかめんをつかまえろ！,3.4
アップル,3.8
The Photograph（原題）,3.6
JUST ANOTHER,3.9
ノー・チョイス,3.6
The Doorman（原題）,3.2
セガvs.任天堂 Console Wars,3.5
Omniboat: A Fast Boat Fantasia（原題）,3.9
ヘル・フィールド ナチスの戦城,3.4
ほら、ここにいるよ　このちきゅうでくらすためのメモ,3.7
エージェント：ライオン,3.2
The Tax Collector（原題）,2.9
モンスターストライク THE MOVIE ルシファー 絶望の夜明け,3.4
悲しき天使,3.2
あるアスリートの告発,3.8
Nine Days（原題）,3.5
ストーカー 3日目の逆襲,3.1
I Still Believe（原題）,3.2
カム・アンド・ゴー,3.8
大阪少女,3.6
Fatman（原題）,3.1
フリーダ・カーロに魅せられて,3.6
ループ,3.5
すべてをかけて：民主主義を守る戦い,4.1
映画 人間椅子 バンド生活三十年,3.8
リトル・ガール,3.8
劇場特別版　カフカの東京絶望日記,3.6
今日もまたクリスマス・イヴ,3.7
海が青くなるまで泳ぐ,3.5
あなたみたいに、なりたくない。,2.7
バイク泥棒,3.3
人体のサバイバル！,3.2
ゼイ・リーチ-未知からの侵略者-,2.6
Let Him Go（原題）,3.5
特別上映版 ワールドトリガー2nd シーズン,4.1
ディヴィジョン,3.0
映画おしりたんてい テントウムシいせきの なぞ,3.3
サイコハウス 血を誘う家,3.0
無聲,3.7
LA発オリジナルズ ～チカーノ・パワー～,3.9
おかあさんの被爆ピアノ,3.6
目指せ! スーパースター,3.2
ナイト・サバイバー,2.1
フィニアスとファーブ／ザ・ムービー：キャンディス救出大作戦,3.9
誘惑は死の香り,2.7
サラ・クーパーのすべて順調,3.0
ハンディキャップ・キャンプ: 障がい者運動の夜明け,3.9
Last and First Men（原題）,3.8
LOVE STAGE!!,3.9
Becky（原題）,3.3
French Exit（原題）,3.5
夜明けを信じて。,3.6
フィルムに宿る魂,3.0
愛してるよバカ,3.3
The Souvenir: Part II（原題）,-
セイフティ 最高の兄弟,4.0
マリアの旅,3.5
いけいけ！バカオンナ～我が道を行け～,3.5
結婚は慎重に！,3.5
Valley Girl（原題）,2.4
American Utopia（原題）,4.5
土と血,2.9
ファミリー・クライム –ある家族の過ち–,3.5
夜明け,2.4
感謝離 ずっと一緒に,3.7
足を探して,3.5
ゴーカーツ,3.5
のさりの島,-
殻を破る,3.8
機械仕掛けの君,3.1
映画　ねこねこ日本史　龍馬のはちゃめちゃタイムトラベルぜよ！,3.2
Visit（英題）,3.7
Made in Italy（原題）,2.0
Superintelligence（原題）,3.3
ラヴ・アフェアズ,3.5
戦車闘争,3.8
強がりカポナータ,4.0
Lost Girls and Love Hotels（原題）,2.7
My Salinger Year（原題）,2.5
「宇宙戦艦ヤマト」という時代　西暦2202年の選択,4.7
ガールズ・リベンジ,3.1
A l’abordage（原題）,3.9
劇場版 声優男子ですが・・・？ ～これからの声優人生の話をしよう～,3.6
The Best Is Yet To Come（英題）,3.8
グンジャン・サクセナ －夢にはばたいて－,3.8
Pixie（原題）,2.6
ライジング・ハイ,3.0
ある職場／些細なこだわり,3.5
チャンケ：よそ者,3.7
生きる、理屈,3.7
内なる獣性,2.9
チンパンジー属,3.3
シークレット・ランナー,2.8
バイバイ、ヴァンプ,1.8
屋根裏の巳已己,4.1
スプリンパン　まえへすすもう！,2.8
THE ORAL CIGARETTES「PARASITE DEJAVU THE MOVIE」 Live Documentary 纏繞の光景,4.8
ドラゴンハート -明日への希望-,2.6
HERO〜2020〜,2.8
バースト・マシンガール／マシンガール DEAD OR ALIVE,3.3
老人スパイ,3.2
The Empty Man（原題）,1.5
The Secrets We Keep（原題）,2.6
親愛なる同志たちへ,3.6
Songbird（原題）,2.5
シン・ランペイジ 巨獣大決戦,2.3
リスタート,-
そそがれ,3.2
Showtime（原題）,-
Unpregnant（原題）,3.3
アナザー・ワールド 異次元の怪物,3.0
Le Cerveau - セルヴォ -,2.2
モラル・オーダー,3.4
スピードキューバーズ: 世界を見据えて,3.7
スモーキー・アンド・ビター,5.0
グリザイア：ファントムトリガー THE ANIMATION スターゲイザー,3.7
ミセス・シリアルキラー,2.9
大綱引の恋,3.5
An American Pickle（原題）,2.8
Downhill（原題）,2.7
恐怖のアンソロジー,2.5
スレート,3.2
リバー,2.5
シークレット・ソサエティ ～王家第二子 秘密結社～,3.4
ジュゼップ,3.3
TOKYOドラゴン飯店,3.1
赤い惑星,3.9
ノットゥルノ／夜,3.2
ゴッドマザー,3.2
白爪草,4.1
アルマゲドン2020,1.6
オマールの父,3.4
フェイス・ベースド ダメ男ふたりが人生で一発逆転する方法,3.0
The Policeman's Lineage（英題）,3.6
赦し,3.2
Zola（原題）,4.0
劇場版HAYABUSA２〜REBORN,3.8
エイリアンとの交信を追い求めて,3.2
フィン,4.1
愛しい存在,3.4
オロトゥーレ,3.4
ソル・レヴァンテ,2.9
はぐれアイドル 地獄変,3.3
遺灰との旅,3.3
The Call（原題）,3.5
突然失礼致します！,4.3
辰巳,-
Wendy（原題）,3.7
昨日より赤く明日より⻘く-CINEMA FIGHTERS project-,-
二月,3.4
Mogul Mowgli（原題）,4.0
ザ・シックス・ビリオン・ダラー・マン（原題）,-
鈴木さん,3.4
第一炉香,3.6
へんしんっ！,3.8
人生はあるがままに,3.2
父、兵士、その息子,4.0
ハピネスは続く：ジョナス・ブラザーズ コンサート,4.0
悪の絵,3.2
アンダーワールド 新種襲来,1.9
あこがれの空の下　教科書のない小学校の一年,4.1
She Dies Tomorrow（原題）,2.9
コケシ・セレナーデ,3.5
狭霧の國,3.4
La France contre les robots（原題）,3.5
ファン・ガール,3.0
恋唄1980,3.2
マジックに魅せられて,3.8
The Salt of Tears（英題）,2.9
Don't Tell A Soul（原題）,3.0
吉祥寺ゴーゴー,3.7
The Broken Hearts Gallery（原題）,3.4
デッドヒート,2.3
恋の墓,3.4
ヤルタ会談オンライン,2.9
Siberia（原題）,2.3
ディープロジック,3.6
ムチノセカイ,3.6
平静,2.7
The Craft: Legacy（原題）,3.0
閉じ込めた吐息,-
シークレット・ウォー　ナチス極秘計画,2.6
ボディカメラ,2.8
ダンシング・マリー,-
folklore ロングポンド・スタジオ・セッション,4.2
Dear Santa（原題）,-
初仕事,3.3
ドリー・パートンのクリスマス・オン・ザ・スクエア,3.2
再会の奈良,3.4
アフター・ラヴ,3.8
Winny,-
ムーラン　戦場の花,2.5
劇場版ほんとうにあった怖い話2020 呪われた家,2.1
マスカ ～夢と幸せの味～,3.5
普通に死ぬ　いのちの自立,3.8
ネズラ 1964,3.1
現在地はいづくなりや　映画監督東陽一,3.8
アラヤ,3.2
シングル・フレンズ 〜そんな恋愛やめちゃえば?〜,2.9
"Love, Weddings & Other Disasters（原題）",-
Little Fish（原題）,3.0
デート・ア・バレット　ナイトメア・オア・クイーン,3.2
ハチとパルマの物語,-
迂闊な犯罪,3.5
やむなきこと,2.7
スカイ・ミッション,2.2
スウェット,3.1
The Stand In（原題）,-
メビウスの悪女 赤い部屋,3.1
もしもあたしたちがサイサイじゃなかったら。,3.5
劇場版 ヨナス・カウフマン ウィーンコンサート,3.9
move / 2020,2.9
まるだせ金太狼,2.3
アルム,3.9
ハクション!,3.3
異物,-
エイリアン・Xマス,3.2
アルティメット・ソルジャー,2.1
The Trip to Greece（原題）,3.0
思い出たち,3.4
ディメンション,2.6
Challenged チャレンジド,3.6
Death of Me（原題）,2.1
Blithe Spirit（原題）,-
やわらかい季節,3.2
蛾の光,2.8
照射されたものたち,3.3
クイーンギャング 怒りのリベンジ・ライド,2.0
とってもゴースト,1.0
冬のほつれまで,3.4
Pig（原題）,-
Connected（原題）,-
メグ・ライオン,3.0
WAVE!! サーフィンやっぺ!!　第一章,3.5
ジャパニーズ スタイル Japanese Style,-
This is Tokyo,3.0
Titane（原題）,-
制作・出演陣が語るボーイズ・イン・ザ・バンド,3.6
親知らず,3.3
のびた関係,3.8
HITOMA,3.4
Wander Darkly（原題）,3.9
Last Words（原題）,-
ドリーム・ビルダーズ ミナと秘密の夢工場,3.2
Fatima（原題）,3.4
それいけ！アンパンマン　ふわふわフワリ―と雲の国,-
ヒロシマ・ナガサキ：75年前の真実,3.1
How to Be a Good Wife（英題）,3.5
いちご飴,3.1
音楽家,3.3
One Second（英題）,3.5
Chhapaak（原題）,-
遠上恵未(24),3.4
シネマ歌舞伎 廓文章　吉田屋,4.0
セヴンティーン,2.8
Showbiz Kids（原題）,3.5
家庭裁判所　第3H法廷,3.3
隔離,3.2
Target Number One（原題）,3.0
適応,-
応天門の変,2.3
モスキート,3.5
祭りの後は祭りの前,4.4
オストラ －歌声を届けて－,3.2
Elyse（原題）,-
俺を好きなのはお前だけかよ　俺たちのゲームセット,3.9
Funny Face（原題）,3.1
The Swordsman（英題）,4.1
Dawn,3.2
キャプテン・プードル,3.4
ハイファの夜,3.0
夜明け前のうた,-
息がつまりそう,2.9
アカリとマキコ,3.4
ハカイ団の野望 悲劇！オンライン会議の結末,3.1
The Postcard Killings（原題）,1.5
ブルーヘブンを君に,-
悠久の地、サッカラ遺跡: 眩き時代を語る,3.8
The Host（原題）,2.7
Miss Juneteenth（原題）,3.7
Sumo（原題）,-
岸辺,3.1
BLOOD-CLUB DOLLS2,1.2
頭痛が痛い,3.9
荒れ地,3.5
Archenemy（原題）,4.0
傍観者あるいは偶然のテロリスト,3.8
Arkansas（原題）,2.4
でぃすたんす,3.8
ライジング・フェニックス　パラリンピックと人間の可能性,4.2
Kill It and Leave This Town（原題）,3.5
一本のワイン,2.7
Girl（原題）,-
映画　きかんしゃトーマス　チャオ！とんでうたってディスカバリー!!,2.8
2067（原題）,2.4
バージン協奏曲 それゆけ純白パンツ！,3.1
帰ってきたアメリカン・パイ ~アゲアゲJKニュー・ジェネレーション~,2.8
High Ground（原題）,3.0
Beginning（原題）,4.5
たわわなときめき,3.5
ブラック・リッジ,2.1
孤独の夜,3.1
ムカチノカチカ,4.0
コーンフレーク,3.8
ファイヤーボール　宇宙からの来訪者,3.2
Persian Lessons（原題）,3.6
私のママでいる,3.1
Echo Boomers（原題）,-
新青春,3.6
トマトは大嫌い,2.8
Think Like a Dog（原題）,3.1
Wander（原題）,-
マジック・ワールド ビーストと闇の支配者,2.3
ドラマクイーン　フルコーラス,2.6
ランニング・デッド／THE RUNNING DEAD,2.6
ぼくだけの宿題,3.5
きっと大丈夫,3.8
ダイナソ―・デイナ,2.7
奇跡との出会い。―心に寄り添う。３―,4.2
FRIDAY,3.5
Infamous（原題）,2.3
The Windermere Children（原題）,4.2
The Evening Hour（原題）,3.5
マリブ・レスキューチーム: ネクストウェーブ,3.0
The Disciple（原題）,3.5
ティティ,3.2
サヴェージＸフェンティ･ショー２,4.1
Sister,3.6
Fear of missing out,3.4
West End Girls,3.3
りさいくるずー　まもれ！もくようびは資源ごみの日,3.0
フィアレス　スーパー・ベイビーズに立ち向かえ！,2.9
父親募集中,3.2
レジェンド・オブ・キングダム 勇者マイロックと聖なる甲冑の伝説,1.7
パンク,3.2
じょりく!,1.2
アスタースクールデイズ,3.6
辻占恋慕,-
M!LK Juvenilizm 青春主義 Special Short Film,4.2
2 Hearts（原題）,3.4
シリアスな男たち,3.3
ルーナのために,3.3
Good Neighbor(英題）,3.3
タヌキ計画,3.5
ROUTINE,4.1
愛で家族に　同性婚への道のり,3.7
The Hoarding（原題）,-
The Owners（原題）,2.4
What About Love（原題）,-
Four Good Days（原題）,3.6
Dil Bechara（原題）,3.6
レガシー・オブ・ライズ,2.6
縁側ラヴァーズ,2.8
最短距離は回りくどくて、　落花流水,3.8
橘アヤコは見られたい,3.6
ミュージカル「刀剣乱舞」　歌合　乱舞狂乱 2019 4DX,4.3
The Eight Hundred（英題）,3.5
デッド・フラワーズ,-
Fatale（原題）,3.6
アスファルト・バーニング,3.1
The Bay of Silence（原題）,3.4
ドッキング！,3.2
LUGINSKY,3.5
メコン2030,3.0
ギニーとサニーの結婚,3.4
クラウディア・キシ倶楽部,3.7
青い蜜の香り,3.0
Bad Tales（英題）,-
Rebuilding Paradise（原題）,3.8
光をとめる,3.6
SINKHOLE（英題）,-
Zappa（原題）,3.8
The day i died : unclosed case(英題）,3.4
POP！,-
Rogue（原題）,2.7
キラー・テナント,3.5
霞姫霊異記,3.5
Future is MINE - アイヌ、私の声 -,3.5
猫のルーファスと魔法の王国,2.5
零世紀 エメラルダス,-
ジュエルペット あたっくとらべる！,-
デート・ア・バレット　デッド・オア・バレット,3.3
WAVE!! サーフィンやっぺ!!　第二章,2.8
怪談新耳袋 Gメン 2020,3.3
Hidden Away（英題）,3.8
Berlin Alexanderplatz（原題）,3.7
Hard Kill（原題）,1.7
A Good Man（原題）,3.7
The Painter and the Thief（原題）,4.0
マイエクササイズ,3.5
Three Sisters（英題）,-
はるかのとびら,3.0
追憶と槌,2.8
The Quarry（原題）,3.0
ハンナ・ギャズビーのダグラスに捧ぐ,4.3
The Intruder（英題）,2.8
Dead Reckoning（原題）,-
マライア・キャリー　マジカル クリスマス スペシャル,2.7
大きい女の子は好きですか？,2.0
青の生徒会 参る！ season1 花咲く男子たちのかげに,2.3
One of These Days（原題）,3.7
Padre Nostro（原題）,4.0
The Dark And The Wicked（原題）,3.2
Chick Fight（原題）,2.5
未亡人,3.6
ヒロシマへの誓い サーロー節子とともに,4.3
Angrezi Medium（原題）,3.2
劇場版　忍者じゃじゃ丸くん,3.2
Guilty: 不実の代償,2.9
ソリクン（仮）,3.6
Gunda（原題）,-
バッド・プレジデン ト 悪魔に魂を売った??大統領,2.9
More than Family(英題）,2.6
三国志　周瑜と孫策,2.7
二人小町,-
Light・Walk,2.7
ミスりんご,3.4
Summertime（原題）,3.8
シャフリヤールの昼と夜,4.5
The Dissident（原題）,4.4
Friendsgiving（原題）,-
Critical Thinking（原題）,5.0
Firemen（英題）,-
WAVE!! サーフィンやっぺ!!　第三章,3.3
サマショール 遺言　第6章,3.7
The Rescue（英題）,3.0
The Very Excellent Mr. Dundee（原題）,-
ほんとにあった！呪いのビデオ 87,2.5
縁側ラヴァーズ2,2.7
ねばぎば　新世界,-
闇に棲むもの,1.7
The Pale Door（原題）,2.3
飛んだ視線,3.2
義理の姉妹,3.5
Point and Line to Plane（原題）,4.3
エージェント：カッター　暴走特急,2.0
Charter（原題）,3.5
Farewell Amor（原題）,3.1
夏日春風,3.2
ビボス　奪われた未来,3.7
クラス '83,3.1
漆黒の井戸の底から,2.3
忘れたフリをして,4.1
"Bloody Nose, Empty Pockets（原題）",4.0
猫と塩、または砂糖,-
Diva (英題）,-
Dominion（原題）,-
レディ・ヒットマン,1.1
パンデミック・ハウス,2.0
Monsters of Man（原題）,3.3
此処に住むの素敵,3.8
明日への片道切符,3.6
彼女の告発,3.6
Baaghi 3（原題）,4.0
Charm City Kings（英題）,2.9
Walkaway Joe（原題）,1.9
マイルストーン,3.5
ムーチョ・ムーチョ・アモール: カリスマ占星術師ウォルター・メルカド,3.6
Home Front（原題）,-
ジュラシック・アイランド,2.0
揉めよドラゴン　爆乳死亡遊戯,3.5
たまには、大きな声で,2.7
ワイルドグラス,3.4
18 regali（原題）,3.5
The Lost Husband（原題）,3.1
12 Hour Shift（原題）,2.2
Books of Blood（原題）,1.7
ダンスに夢乗せて: ホットチョコレート・ナッツクラッカー,3.9
愛のくだらない,4.1
日本統一38,3.7
地元ピース！ 幻想ドライビング,3.8
Bad Trip（原題）,3.9
スウィング・オブ・シングス,2.3
"ピート・デヴィッドソンのNYから生""存""放送",3.5
DEEMO THE MOVIE,-
ある役者達の風景,-
Spaceship Earth（原題）,5.0
Miss Marx（原題）,-
ゾンビーズ・フロム・セクター9,2.9
Nowhere Special（原題）,3.7
ディア・スナイパー,2.5
レイディオ,3.0
Dream Horse（原題）,3.5
そこからの光　未来の私から私へ,3.3
雨の方舟,2.4
Son of the South（原題）,-
Shock Wave 2（英題）,3.7
日本統一40,3.8
ほんとにあった！呪いのビデオ 88,2.4
Malmkrog（原題）,2.0
ほんとにあった！呪いのビデオ BEST OF BEST,2.8
サイコウノバカヤロウ　青森純情編,2.7
Dinner in America（原題）,4.0
Female,3.3
スペリング・ビーへの挑戦,3.4
女優たち,5.0
I Used to Go Here（原題）,-
トップガンナー,2.1
レジェンド・オブ・ヒドゥンタウン～隠市奇聞録～,2.7
ディストリクト－Ｘ,1.8
影と呼ばれた男たち3,-
眠れる森のミチコ,3.9
おっさんとわたし,3.3
見上げた空とマスク,3.4
ピアノマン,2.6
STAND WITH HK,4.1
Beauty Water（英題）,3.2
織田同志会・織田征仁,4.2
ソタイ〜組織犯罪対策部vs反社会勢力〜,3.5
影と呼ばれた男たち4,-
トッコ・ビンはアップデート中,1.9
アワー・アワー わたしたちの時間,4.2
Hunter Hunter（原題）,3.2
Our Season（英題）,-
ヴィール・ダースのインド、それもこれも,3.9
The 2nd（原題）,2.9
A Nice Girl Like You（原題）,2.7
10年、渋谷をさ迷って A decade of roaming,-
Max Cloud（原題）,-
Shark Encounters Of The Third Kind（原題）,-
光の輪郭と踊るダンス,-
日本統一外伝~山崎一門~,3.6
ほんとにあった！呪いのビデオ 89,2.1
アフガン・クライシス,2.1
トライアングルな夜,3.3
ククリレイジュ 三星堆伝奇,-
The Big Ugly（原題）,-
Lazy Susan（原題）,2.6
Save Yourselves!（原題）,3.0
Hanukkah（原題）,1.2
あらののはて,3.3
マジック・スクール・バス: 宇宙ステーションへGO!,-
デニス・ホー　ビカミング・ザ・ソング,4.2
ワイルド・ブレイク,2.2
闇動画24,3.1
ワンス・アポン・ア・タイム・イン・ベネズエラ,4.0
Malasaña 32（原題）,3.4
今宵、奇跡の起きる温泉で。,3.0
ジャスティス・リーグ:ダーク アポコリプス・ウォー,4.4
ジャン・ズーヤー：神々の伝説,3.2
Torbaaz（原題）,4.0
Oh! My Gran（英題）,3.6
"Quo vadis, Aida?（原題）",3.9
7リミット・キルズ,2.8
いつか 裏切りは雌の顔,3.1
Police（原題）,-
The Last Shift（原題）,3.5
ディズニーネイチャーゾウの足跡を追って,3.6
ニャンてこと!,3.7
浅草花やしき探偵物語　神の子は傷ついて,3.5
映画版『清掃する女』,3.6
When the fog clears 霧が晴れるとき,-
Hysteric Betty,2.8
日本統一39,4.0
アカデミー・オブ・マジック　オーラと魔法学校の秘密,2.9
クリアショット,1.8
ブリード・キャンプ　家畜収容所,2.2
ボリショイ・バレエ in シネマ Season 2019-2020 「白鳥の湖」,4.1
劇場公開版 eastern youth 日比谷野外大音楽堂公演 2019.9.28,3.7
My Little Sister（英題）,2.7
Tanhaji: The Unsung Warrior（原題）,4.3
The Killing of Two Lovers（原題）,3.6
ディズニーネイチャー 知られざるイルカの世界,4.0
バットマン：デス・イン・ザ・ファミリー,2.4
The Ties（英題）,3.3
日本統一41,3.8
ヘヴンクエスト　導かれし勇者達,1.4
モンブランの女,3.6
ほんとにあった！呪いのビデオ 90,2.6
カルメン・サンディエゴ: 運命のミッション,3.2
Lyod 2（原題）,3.5
Uppercase Print（英題）,5.0
I Carry You With Me（原題）,4.0
"Nadia, Butterfly（原題）",4.5
ウィール・オブ・フェイト～映画『無法松の一生』をめぐる数奇な運命～,3.8
Un medecin de nuit（原題）,-
Und morgen die ganze Welt（原題）,2.9
ブルース・スプリングスティーン Letter to You,3.6
マジック・スクール・バス: 3人のフリズル先生,-
淀川アジール　さどヤンの生活と意見,3.5
The Hunt（原題）,-
レベッカ,3.7
雀色の永訣,4.9
RUN BOY RUN（英題）,3.8
リホーム　血祭り伝説,3.3
Street Dancer 3D（原題）,3.8
Stump the Guesser（原題）,2.4
The Alien（英題）,-
ロブ・シュナイダーのママはアジアン、子はメキシカン,3.3
What We Found（原題）,-
化身,3.4
アルター・ミー: 心に耳を傾けて,2.6
孫悟空 vs 猪八戒,-
ケヴィン・ハートのもう知らねえ!,3.8
ショーン・メンデス: ライブ・イン・コンサート,4.5
レジェンド・オブ・ヒドゥンタウン～妖舞炎奇譚～,-
最短距離は回りくどくて、　雨とソーダ水,3.6
ボリショイ・バレエ in シネマ Season 2019-2020 「ジゼル」,3.8
Servants（英題）,3.5
アナ・ザ・ワールド,-
Legionnaire's Trail（原題）,1.7
グルグル・ゴキル ～はちゃめちゃ教師～,3.9
On the Record（原題）,4.1
Emperor（原題）,-
Never Gonna Snow Again（原題）,4.0
思い出の家,3.5
The Truffle Hunters（原題）,-
Smiley Face Killers（原題）,-
Half Brothers（原題）,3.3
薄明りのパレード,3.7
Shakespeare's Sh*tstorm（原題）,-
Shithouse（原題）,2.3
若妻たちの午後 秘蜜DELUXE,2.8
日本統一外伝~山崎一門2~,3.1
権力の階段～総理への道～,2.9
野良猫とパパ活,2.7
魔女,3.3
グレー・ゾーン,-
闇動画25,3.7
ホラーちゃんねる 関西版,1.5
Schwarze Milch（原題）,2.0
Corona Zombies（原題）,1.2
ルーツ～ヤマトとユダヤが手を合わすとき～,-
Sulphur and White（原題）,-
アクセプト,3.1
Giving Voice（原題）,3.3
Spell（原題）,3.5
ブレイク・タウン,-
プラス・ワン,3.6
アポトーシス,-
メガネっ娘 任侠伝,3.0
やさしい男　インターナショナル・バージョン,2.7
Love Aaj Kal（原題）,4.0
レスリー・ジョーンズのタイムマシン,3.5
Pattas（原題）,3.6
エリック・アンドレの何デモかんでも合法化,3.2
TEST,2.1
ベルスーズ,2.8
レイラは永遠に,2.6
オープン・マリッジ 新しい夫婦生活,2.6
トライバル　ゲット・アウト・アライブ,2.9
権力の階段~総理への道~2,3.9
クローゼット,3.0
Adú（原題）,3.6
Hotel Inferno 3: The Castle of Screams（原題）,-
Kokon（原題）,3.5
Horizon Line（原題）,3.4
鬼才監督,3.0
狂のぶ,3.5
Triggered（原題）,3.1
"Calamity, a Childhood of Martha Jane Cannary（英題）",3.8
ハデス,2.0
どすこい すしずもう,3.0
What Lies Below（原題）,3.0
川,-
Preparations to Be Together for an Unknown Period of Time（英題）,3.6
Sister of the Groom（原題）,-
Betrayed（英題）,-
からっぽのシュークリーム,4.1
Rams（原題）,-
ネトラレ　ある夫婦の行動学,-
HERO DOCUMENTARY FILM,3.7
Exil（英題）,-
2020年 東京。12⼈の役者たち,4.2
Malang（原題）,3.5
Charlatan（原題）,3.7
Panga（原題）,-
「二人の世界」,5.0
Isabella（原題）,-
As Above So Below（英題）,4.2
How to Disappear（原題）,3.5
B／B,3.3
Hosts（原題）,2.6
Dismembered（原題）,3.5
Spring Blossom（英題）,2.8
ベルリン、ベルリン 〜人生はノンストップ!〜,2.0
American Fighter（原題）,-
カムバック,2.6
Miss Fisher and the Crypt of Tears（原題）,2.9
映画 きかんしゃトーマス おいでよ!未来の発明ショー!,-
ジャック・ホワイトホールのただの冗談なんだけど,4.0
15の夏,3.5
ロスト・イン・ロシア,4.2
Full Out 2: You Got This!（原題）,3.1
リビングの女王,3.5
オペレーション・ローグ3 デス・オブ・ア・ネーション,2.4
極王4,-
アイドルスナイパー THE MOVIE,-
私だってするんです1,-
MISSION IN B.A.C. THE MOVIE,-
Guest House（原題）,3.0
ドラマクイーン　フルシャウト,2.3
Luxor（原題）,4.0
白骨街道,5.0
Mon cousin（原題）,-
Centigrade（原題）,2.8
テイラー・トムリンソンのクオーターライフ・クライシス,4.3
パピルス,2.0
ウィッチャー: 制作の舞台裏,3.3
Hillary（原題）,4.4
PERSONAL DISTANCE,4.1
君にメロメロ,2.4
Death of Nintendo（原題）,1.5
The Way I See It（原題）,4.4
父、息子、そしてビーチ,3.7
Listen（原題）,3.7
viewers:1,4.9
日本統一42,3.8
日本極道戦争 第六章,-
ガールズ・コマンドー,2.7
極道の門 第七部,5.0
タイムネット,3.0
Orphea（原題）,1.0
Aggie（原題）,3.0
Lindenberg! Mach dein Ding（原題）,-
侵略,3.4
Blast Beat（原題）,2.0
異端者(The Heretic),3.1
Hour of Lead（原題）,3.3
決着,3.5
Ofrenda a la tormenta（原題）,2.9
おかえり太郎,2.6
Yes-People,3.4
高崎物語 -願-,-
縄の呪い2,3.0
オキナワ サントス,-
サイエンティスト　禁断の実験,2.0
エミシーダ: アマレーロ - 過ぎゆく時の中で,3.5
Cowboys（原題）,2.5
影と呼ばれた男たち2,1.1
シュウカツ4,2.5
スーパーヒーロー・パンツマンの選んで進むエピソード大劇場,2.3
King's Gambit（原題）,-
Hotel Lake（英題）,3.0
Limbo（原題）,3.4
Paris Calligrammes（原題）,-
Laila aur satt geet（原題）,4.0
散った後,2.7
マリセラ・エスコベド: 彼女は三度殺された,4.4
Robin's Wish（原題）,-
Come True（原題）,3.5
だからよ～鶴見,2.8
The Racer（原題）,-
カパエマフの魔法石,3.5
Laxmii（原題）,-
Take Me Home (英題）,3.2
つれづれ,3.7
なんと父よ!,3.4
SHORT TRIAL PROJECT 2020,3.5
The Reckoning（原題）,-
劇場版 DISTORTION GIRL,-
La Verónica（原題）,4.0
蒼い経験 禁断SPECIAL,2.0
影と呼ばれた男たち5,-
霊犬戦士ハヤタロー　伊那谷幽玄の戦い,3.2
私だってするんです2,-
Present Still Perfect（原題）,2.0
オメテオトル≠HERO,2.3
"My Donkey, My Lover & I（英題）",2.3
DRUNK,3.9
Jawaani Jaaneman（原題）,3.6
7 ore per farti innamorare（原題）,-
Gulabo Sitabo（原題）,-
The Earth Is Blue as an Orange（原題）,5.0
We Are One: 共に目指す未来,2.5
Welcome to Sudden Death（原題）,2.9
運命のゲーム,2.6
Flee（原題）,3.7
マイティ・オーク,-
トビーとスクールバス,3.4
Jumanji: Level One（原題）,-
花浴,3.0
フアンキニのB級クリスマス,3.1
Sleep（英題）,3.3
Bloody Hell（原題）,3.0
カナルタ―螺旋状の夢―,4.4
おばあちゃんから、最後のお願い,2.7
El Planeta（原題）,2.5
首領２,4.0
麻雀破壊神 むこうぶち傀 相性,2.5
首領,4.0
いつかのナツ 愛欲の夕暮れキャンパス,3.7
Creators: The Past（原題）,3.5
Petit pays（原題）,-
女詐欺師レン　キケンな情事を追え！,3.5
Impractical Jokers: The Movie（原題）,2.9
Bad Therapy（原題）,2.0
The Go-Go's（原題）,3.6
さよなら魔法少女,4.0
Shikara（原題）,4.0
マーク・マロンの楽しい終末,-
Volevo nascondermi（原題）,-
Los conductos（原題）,4.5
Window Boy Would Also Like to Have a Submarine（英題）,4.0
The Crossing（英題）,-
ジェリー・サインフェルド: 退屈しのぎの23時間,3.5
Always Amber（原題）,-
クジラは泳がない,2.8
女子は敷居を跨げば七人の敵あり,4.5
恋は降りしきる雨のよう,3.3
せみのこえ,2.6
#放生津カンタータ,2.3
スパルタン 皆殺しの戦場,-
KA.TA.MI.,3.4
Paava Kadhaigal（原題）,3.0
エレメント・シスターズ 4分の1の魔法,2.9
Festival（英題）,4.4
Baby Done（原題）,-
Return to Splatter Farm（原題）,-
日本極道戦争 第五章,4.0
極王6,-
極道の門 第六部,4.0
権力の階段~総理への道~3,4.3
下町任侠伝鷹,4.0
John Henry（原題）,-
Nightshift（原題）,-
みちるレスキュー！,2.9
Shimla Mirchi（原題）,-
Father There is Only One 2（英題）,3.9
Otac（原題）,-
CAT,2.8
The Tango of the Widower and Its Distorting Mirror（英題）,-
Downstream to Kinshasa（原題）,3.0
The Prisoner（英題）,-
フォーチュン・フィームスターの甘〜い&しょっぱい,5.0
バート・クライシャーの俺はビッグボーイ,-
トム・セグラの自分勝手にやるぜ,-
デイ・アフター・トゥモロー2021,-
Teddy（原題）,-
Un triomphe（原題）,-
Devi（原題）,-
ウルシラ・カールソンの負け組万歳!,4.7
ジョー・コイのこれぞ俺らの真骨頂!,3.2
Ron Hopper's Misfortune（原題）,-
Perfect One-night Stand（英題）,3.5
ビッグフロー&オリー: フレンチ・ヒップホップ界の彗星,3.6
Bhoot: Part One - The Haunted Ship（原題）,-
浴場の象,3.6
はなうたの鳴るほうへ,5.0
人間妖怪 鬼鈴,2.5
お客様に笑顔を,2.6
ワンダフル千鳥足 in ワンダーランド,5.0
ヴィール・ダースのロックダウン・スペシャル,4.3
ニュース,3.0
我が友・原子力　放射能の世紀,-
Getting to Know You（原題）,4.8
はちみつレモネード,-
Modern Persuasion（原題）,-
ROLL,3.6
Tigers（原題）,4.3
キングダム6〜首領になった男〜,-
日本極道戦争 第七章,3.5
セクシータイム・リターン　貪欲ビンカン美女と時をかける絶頂,3.0
麻雀破壊神 むこうぶち傀 山師,2.5
劇場版　れっしゃだいこうしん2020 ドキドキすごろくツアー,3.6
エクスタシー・イコライザーREN 妖艶美女が溺れるキケンな恍惚,3.5
下町任侠伝鷹２,-
The Warrant（原題）,-
SEAMO 15th Anniversary Movie「もしもあの時 “if”」,-
Darkness Falls（原題）,-
ソン・トゥンM-TP: Sky Tour Movie,4.1
Naked Animals（英題）,1.5
水仙,-
Mare（原題）,-
Getaway（原題）,-
Minyan（原題）,-
Fatherhood（原題）,-
The Exit of the Trains（英題）,-
Wildland（英題）,3.5
アレックス・フェルナンデス: 世界一のコメディアン,3.8
La Leyenda Negra（原題）,-
The Fox Hunter（原題）,-
If It Were Love（英題）,2.0
"カナン・ギルの""拝啓、未来のボクへ""",-
Shakuntala Devi（原題）,-
ケニー・セバスチャンの世界はオレ中心に回ってる,-
Khuda Haafiz（原題）,-
The One-Minute Memoir（原題）,2.5
The Therapist: Fist of Tae-baek（英題）,2.2
Ponmagal Vandhal（原題）,-
Sarileru Neekevvaru（原題）,4.0
John Lewis: Good Trouble（原題）,4.8
逆流,3.5
ギムス: ラッパーの素顔,3.0
同じクラスの藤野くん,1.8
ミシェル・ブトーのようこそブートピアへ,5.0
SUSUKINO BEAT,2.3
JL Family Ranch: The Wedding Gift（原題）,-
Andhaghaaram（原題）,-
Silver Skates（英題）,-
Coolie No. 1（原題）,-
The Perilous Internet Ring（英題）,-
The Night（原題）,-
Way Station（英題）,-
STUCK - 漆黒の闇に蠢く影,2.6
キングダム4～首領になった男～,4.0
マサーミール 〜ダナとおかしな3人組〜,2.9
Villain（原題）,-
Inside the Rain（原題）,-
Lootcase（原題）,-
Ducobu 3（原題）,-
トム・パパのあっぱれ人生!,3.5
Shine Your Eyes（原題）,-
No Hard Feelings（英題）,3.0
Tous flics!（原題）,-
Nympho: The Lust Story（原題）,2.5
Schoolgirl（英題）,-
Generations（原題）,-
ノーボディ,3.5
クリス・デリーアの苦労知らず,3.9
オクトノーツと水中のどうくつ,2.5
伏魔殿,-
ダービット・バトラのわざわざ言うトコ⁈,-
ジョージ・ロペスのお安いご用!,-
Knock Out（英題）,-
COUNTRY DREAMER 私の道、生きる！,3.7
"ジム・ジェフェリーズの""アタマ""と""オナカ""にくるタイプ",3.5
8:15,3.7
夕張支線ノスタルジア,3.2
Le Sorelle Macaluso（原題）,3.0
ヨハンナ・ドーナル　女性大臣・フェミニスト,3.7
サム・ジェイの午前3時に思うこと,-
神の宇宙飛行士,-
Solitary（原題）,-
Black Beach（原題）,-
なんてね。,-
珈琲のしみ,-
オクトノーツとグレート・バリア・リーフ,3.0
こんな風に私は生きている。,2.8
カット・カット,2.2
アフォンソ・パディラの貧乏は細部に宿る,1.0
ウルフハンターが行く！,-
ビッツ,3.6
In The Dark,-
The Barber,-
Rent-a-Pal（原題）,-
フェリックス・ロブレヒトのいつまでトべる!?,3.3
Horse Latitudes（原題）,-
Chhalaang（原題）,-
ブラジャーねこ,3.4
I Am Here－私たちはともに生きている－,-
A Little Christmas Charm（原題）,-
母の面影が語ること,3.6
棺,3.9
Everglow（英題）,-
ドリーミング・デルフィ,2.9
Love in Store（原題）,-
キングダム5～首領になった男～,-
極王5,-
日本極道戦争 第八章,-
Curveball（原題）,-
おっさんずルネッサンス,-
Vaanam Kottattum（原題）,-
Kaamyaab（原題）,-
既婚者サークル　人妻たちの輪舞曲,3.4
ボリショイ・バレエ in シネマ Season 2019-2020 「ジュエルズ」,-
ERICA～青い炎～,-
ミス・アンディ,3.0
Happy Happy Joy Joy - The Ren & Stimpy Story（原題）,-
Luz nos trópicos（原題）,-
STIGMA -スティグマ-,4.3
トゥルー: ワズルエッグの日,-
Hacked（原題）,-
Nardjes A.（原題）,-
Saudi Runaway（原題）,-
Buku Harianku（原題）,-
Deadly Cyber Bully（原題）,-
直観,2.8
My Boyfriend's Meds（原題）,-
Pandamonium（原題）,3.0
The American Sector（原題）,-
ファンジオ: マシンを自由自在に操った男,-
Brot（原題）,-
ドラゴンレスキューライダーズ: ソングウィングの秘密,3.5
スーパーモンスターズ: 新しいクラス,-
Capel Green（原題）,-
マウリシオ・メイレレスのカオスがやってくる,-
9 Days at Raqqa（英題）,3.0
ティアゴ・ベントゥラの断固反対,-
Tijuana Jackson: Purpose Over Prison（原題）,-
Cafe on Sale（原題）,-
Circus Person（原題）,3.2
Toto（原題）,2.4
Tread（原題）,3.5
ストレスフルスイング,-
膨らみ,3.8
劇場版　現代怪奇百物語　弐之章,2.3
マイケル・マッキンタイアの僕はショーマン,-
限界のその先へ: ICC女子T20ワールドカップ2020,-
Good Samaritan（原題）,-
アイドル,-
Dying for A Daughter（原題）,-
ネス湖での遠泳,3.0
One blue rainy day（英題）,-
DINO!,3.2
Transhood（原題）,-
愛について語るときにコビトの語ること,-
Sisters Apart（英題）,3.0
BEFORE/AFTER,3.9
ビッグフット: 陰謀,1.8
Durgamati: The Myth（原題）,-
かくれんぼ,-
オーサカの夜,2.6
気まずいなあ,-
Castle Freak（原題）,-
Flowers 02（原題）,-
The Bee Gees: How Can You Mend a Broken Heart（原題）,-
Look Then Below（原題）,-
Hunted（原題）,-
Rosa's Wedding（英題）,3.8
Son of Monarchs（原題）,3.0
ドラゴンレスキューライダーズ: 黄金の卵を探せ,-
First Lady（原題）,-
Kartoffelsalat 3 - Das Musical（原題）,-
The Last City（英題）,-
Beast Beast（原題）,3.5
Jak zostalem gangsterem. Historia prawdziwa（原題）,-
Sex and the Future（原題）,-
Into the Deep（原題）,-
This Is My Desire（英題）,-
Sow the Wind（英題）,3.9
Viva the Underdogs（原題）,-
A Common Crime（英題）,-
Pari（原題）,3.1
Natalie Wood: What Remains Behind（原題）,-
Live（原題）,-
16 Bars（原題）,-
Her Deadly Reflections（原題）,-
Digger（原題）,3.0
Influence（原題）,-
Just for the Summer（原題）,-
Softie（原題）,-
Medium（原題）,-
Street Survivors: The True Story of the Lynyrd Skynyrd Plane Crash（原題）,-
Victoria（原題）,-
Double Tap（原題）,3.8
Days of Cannibalism（原題）,-
Jetzt oder morgen（原題）,-
現実を受け入れるべく夢を見る,-
L'Albatros（原題）,-
シ、ナリオ,2.4
The Fight for Greenland（原題）,-
ビーンズ・ラブ,-
Teuri（英題）,-
Egg（原題）,3.2
Ivory Burn（原題）,2.0
Blood Rider（原題）,3.4
The Light Side（原題）,2.0
Motorcycle Drive By（原題）,2.5
When I Write It（原題）,2.0
Lions in the Corner（原題）,2.3
トゥルー: ともだちの日,-
スーパーモンスターズ: モンスターの日,-
Moondance（原題）,2.8
ゴーストダイアリーズ,-
Zanka Contact（原題）,3.5
Saul & Ruby's Holocaust Survivor Band（原題）,-
かめさんぽ,-
Monday（原題）,-
アイアムビューティフル,-
"Siempre, Luis（原題）",-
Ottolenghi and the Cakes of Versailles（原題）,2.5
保留中,-
The Lift（英題）,-
Mephisto（英題）,-
Ensemble（英題）,-
The Mothman Legacy（原題）,-
Of Fish and Men（英題）,3.5
Naked Cannibal Campers（原題）,-
Becoming Mona（英題）,3.0
Suraj Pe Mangal Bhari（原題）,-
やさしい匂い,-
白根紙鳶見聞録 - 凧ノ国,-
クリスマス・グリーティング,-
The Forgotten Carols（原題）,-
The Christmas Edition（原題）,-
The Auschwitz Report（原題）,3.8
A Royal Christmas Engagement（原題）,-
Indoo Ki Jawani（原題）,-
まよなかのいぬごやレース,-
Shadows（原題）,-
Voice～伝える先に見えるもの～,-
The Trouble with Nature（原題）,2.8
Snake Oil,-
MELVAS,-
Caveat（原題）,3.0
Strain 100（原題）,-
Trump vs the Illuminati（原題）,-
ローラースケート売っちゃったの？,-
リトル・ヒリー,2.6
私、バルナべ,3.6
Masel Tov Cocktail（原題）,-
You Cannot Kill David Arquette（原題）,-
"Today, Together 2（英題）",-
Croissant（英題）,-
Breaking Fast（原題）,-
Butchers（原題）,-
Tales from the Hood 3（原題）,-
Home Movies（原題）,-
Warm Hug（英題）,-
Conference（英題）,2.8
Violation（原題）,3.3
ライフ オブ スカイウォーカー,-
American Deep State（原題）,-
Fright（原題）,-
The Wishmas Tree（原題）,-
節子,-
Heart of Africa（原題）,-
Liquid（原題）,-
Dry Wind（英題）,-
El viaje de Javier Heraud（原題）,-
The Egg（原題）,-
Blind Eyes Opened（原題）,-
Kunst kommt aus dem Schnabel wie er gewachsen ist（原題）,-
Nomera（原題）,-
Golda Maria（原題）,-
Veinteañera: Divorciada y Fantástica（原題）,-
We go in at Dawn（原題）,-
Los Hijos de San Luis（原題）,-
In Deep Sleep（英題）,-
City of Salt（原題）,-
Entre perro y lobo（原題）,-
The House of Love（英題）,-
Divinely Evil（英題）,-
Zenek（原題）,-
Obscene Beauty（原題）,-
À l’entrée de la nuit（原題）,-
Union County（原題）,-
Schlingensief - In das Schweigen hineinschreien（原題）,-
Anunciaron tormenta（原題）,-
"Dehesa, el bosque del lince ibérico（原題）",-
The Foundation Pit（英題）,-
What remains（英題）,-
After the Crossing（英題）,-
Frem（原題）,-
Gli appunti di Anna Azzori（原題）,-
Screened Out（原題）,-
Dead Voices（原題）,-
My Galactic Twin Galaction（原題）,-
So We Live（原題）,-
Oeconomia（原題）,-
Petit Samedi（原題）,-
Écume（原題）,-
Huntsville Station（原題）,-
Aufzeichnungen aus der Unterwelt（原題）,-
The Two Sights（原題）,-
Inflorescence（原題）,-
A Demonstration（原題）,-
Corporate Accountability（英題）,-
Ouvertures（原題）,-
Filipiñana（原題）,-
The Fall of Camp Blood（原題）,-
ビー、マイ・フレンド,-
Cause of Death（原題）,-
I Am Patrick: The Patron Saint of Ireland（原題）,-
One in a Thousand（英題）,-
Amazon Mirror（英題）,-
Grève ou crève（原題）,-
Atkūrimas（原題）,-
Speer Goes to Hollywood（原題）,-
Part of Me（原題）,-
The Zone: Games of Hunger（原題）,-
Yusuf Hawkins: Storm Over Brooklyn（原題）,-
La battaglia di Roma 1849（原題）,-
CatVideoFest 2020（原題）,-
Z.N.,-
Created Equal: Clarence Thomas in His Own Words（原題）,-
The Aerialist（原題）,-
Trump Card（原題）,-
Asking God（原題）,-
ハコキョーフショーノオトコ -THE MAN SCARED OF BOX-,-
祖母の部屋,-
Juvenile Delinquents: New World Order（原題）,-
Çîroka Bajarên Wêranbûyî: Singal（原題）,-
Lonely Encounter（英題）,-
The Unfamiliar（原題）,-
常神バルカローレ,-
Una Chica Invisible（原題）,-
Powerbomb（原題）,-
Ausgrissn! - In der Lederhosn nach Las Vegas（原題）,-
Daisy Derkins and the Dinosaur Apocalypse（原題）,-
Then Came You（原題）,-
The Last People of Chernobyl 3（英題）,-
Where No One Knows Us（英題）,-
Mighty Ira（原題）,-
ニック・メイスンズ・ソーサーフル・オブ・シークレッツ「ライヴ・アット・ザ・ラウンドハウス」,-
Killing Small Animals（原題）,-
Meeting（原題）,-
春空と秋空,-
Spitting Image（原題）,-
Dutch（原題）,-
Hope,-
Your Smile,-
化猫ヤス／Long Live the Cat,-
Office 39（英題）,-
カレント・シー,-
Sacrilege（原題）,-
ラ・マノ,-
The Mark of the Bell Witch（原題）,-
One Step Ahead（原題）,-
Riding the Dragon（原題）,-
The Leprechaun's Game（英題）,-
Legacy（原題）,-
The Special（原題）,-
WineGame,-
Alabama Snake (II) （原題）,-
Carnival,-
He Who Is Without Sin（原題）,-
Konga Tnt（原題）,-
"The Author, The Star And The Keeper（原題）",-
Here We Move Here We Groove（原題）,-
LemonMilk,-
Apartment Orgy,-
煩悩,-
ナウエルと魔法の本,-
Pedal to the Metal,-
狩り,-
Not a Robot,-
Bart’s Revenge,-
Pretty Men(英題）,-
Dead（原題）,-
The Curse of Hobbes House（原題）,-
In The End,-
Memories For Sale,-
TADAIMA,-
Follow Me to Daisy Hills（原題）,-
動かない人 -Indifferent person-,-
Katherine Jenkins Christmas Spectacular（原題）,-
夜に輝く我が友よ,-
グロリア・スコットの冒険～大聖堂殺人事件～,-
独房にて,-
三年後,-
ホモ・エレクタトゥース,-
生まれ変わり事業,-
今しかにゃい,-
呪い婆,-
龍帝外伝《第一章》Dirty Hawk,-
選んでごらん,-
ぐっすりお眠り、トマトの子,-
アンナ、猫かネズミか,-
黄金の心臓,-
A Stormy Night（原題）,-
Tales of the Uncanny（原題）,-
Killer Raccoons 2: Dark Christmas in the Dark（原題）,-
The Chicken（原題）,-
Tar（原題）,-
Barbie Princess Adventure（原題）,-
(Instrumental),-
GLIDE,-
旧グッゲンハイム邸裏長屋,-
インビジブル,-
No Roses on a Sailor's Grave（原題）,-
Tape 39（原題）,-
