"","title","marks","clips","score"
"1","明日への地図を探して","333","2380","3.9"
"2","ヲタクに恋は難しい","11198","11004","3.0"
"3","SNS-少女たちの10日間-","10","4944","3.3"
"4","TENET テネット","94110","70061","4.1"
"5","劇場版「鬼滅の刃」無限列車編","79093","25266","4.1"
"6","ミナリ","55","6637","3.9"
"7","カイジ ファイナルゲーム","18218","11872","3.0"
"8","マーメイド・イン・パリ","562","9275","3.7"
"9","ソウルフル・ワールド","15073","22354","4.1"
"10","映画　えんとつ町のプペル","13553","16537","3.8"
"11","窮鼠はチーズの夢を見る","23980","24221","3.7"
"12","まともじゃないのは君も一緒","25","7026","-"
"13","劇場版 ヴァイオレット・エヴァーガーデン","16702","17120","4.4"
"14","この茫漠たる荒野で","639","1372","3.7"
"15","コンフィデンスマンJP　プリンセス編","31238","23292","4.0"
"16","DAU. ナターシャ","17","2336","3.8"
"17","1秒先の彼女","6","441","4.5"
"18","魔女がいっぱい","7733","28856","3.4"
"19","ハーレイ・クインの華麗なる覚醒　BIRDS OF PREY","35497","40014","3.6"
"20","糸","17202","25084","3.8"
"21","MOTHER マザー","20175","25522","3.5"
"22","犬鳴村","12165","7622","2.7"
"23","ザ・プロム","15283","19892","3.8"
"24","ステップ","4800","10773","3.9"
"25","劇場","28974","21160","3.7"
"26","ザ・コール","8342","6221","3.8"
"27","新解釈・三國志","12967","16656","3.1"
"28","好きだった君へ:P.S.まだ大好きです","4341","997","3.7"
"29","オール・マイ・ライフ","182","1295","3.7"
"30","事故物件 恐い間取り","9880","6936","2.7"
"31","シカゴ7裁判","9221","16371","4.0"
"32","ノマドランド","147","8886","3.9"
"33","約束のネバーランド","7083","10353","3.4"
"34","ファーザー","9","1523","4.2"
"35","ラストレター","14273","22341","3.8"
"36","浅田家！","12223","22110","4.0"
"37","パーム・スプリングス","210","10634","3.6"
"38","美少女戦士セーラームーンEternal 後編","281","1485","3.6"
"39","ハーフ・オブ・イット: 面白いのはこれから","20352","17662","3.9"
"40","サンドラの小さな家","8","188","3.2"
"41","新感染半島 ファイナル・ステージ","8662","14729","3.7"
"42","ニュー・ミュータント","668","5979","3.3"
"43","今日から俺は!! 劇場版","13233","10499","3.8"
"44","青くて痛くて脆い","6982","12964","3.4"
"45","太陽は動かない","42","7237","-"
"46","砕け散るところを見せてあげる","59","3927","-"
"47","Pleasure（原題）","2","57","2.9"
"48","佐々木、イン、マイマイン","4387","11363","4.0"
"49","Promising Young Woman（原題）","41","2711","4.0"
"50","罪の声","16690","26581","3.9"
"51","スパイの妻","8070","25101","3.8"
"52","#生きている","11612","4239","3.4"
"53","劇場版 奥様は、取扱い注意","23","4663","-"
"54","Mank マンク","3312","10620","3.7"
"55","愛してるって言っておくね","5395","3255","3.7"
"56","Ｒｅｄ","8295","10964","3.2"
"57","最高に素晴らしいこと","7977","8667","3.7"
"58","思い、思われ、ふり、ふられ","6254","9117","3.6"
"59","シグナル100","2894","2608","2.6"
"60","私をくいとめて","5059","13145","3.9"
"61","2分の1の魔法","11293","17212","3.9"
"62","水曜日が消えた","4582","10821","3.6"
"63","架空OL日記","7450","16749","4.0"
"64","エノーラ・ホームズの事件簿","13363","9078","3.7"
"65","ミッドナイトスワン","15050","29399","4.2"
"66","スマホを落としただけなのに 囚われの殺人鬼","9160","9184","3.4"
"67","オン・ザ・ロック","3641","14241","3.8"
"68","藁にもすがる獣たち","56","1679","3.5"
"69","ドクター・ドリトル","9566","20768","3.5"
"70","仮面病棟","7955","7172","3.5"
"71","みんな死んだ","602","219","3.3"
"72","言葉にならない","318","66","3.4"
"73","もう終わりにしよう。","9049","18299","3.3"
"74","泣きたい私は猫をかぶる","14062","7511","3.5"
"75","一度死んでみた","5242","10864","3.5"
"76","きみの瞳（め）が問いかけている","4950","10272","3.9"
"77","生きちゃった","1922","11953","3.8"
"78","サイトレス","1300","409","3.1"
"79","ペンギンが教えてくれたこと","559","630","3.8"
"80","フェリチタ！","224","306","3.5"
"81","キングスマン：ファースト・エージェント","433","59474","-"
"82","カポネ","36","2453","3.2"
"83","小説の神様 君としか描けない物語","648","1515","3.1"
"84","MISS ミス・フランスになりたい！","93","995","3.9"
"85","ワンダーウーマン 1984","11420","16166","3.7"
"86","望み","4300","13290","3.7"
"87","ザ・スイッチ","96","10615","3.4"
"88","映画クレヨンしんちゃん 激突！ラクガキングダムとほぼ四人の勇者","2414","2727","3.8"
"89","宇宙でいちばんあかるい屋根","2369","8410","3.8"
"90","フランクおじさん","484","870","3.9"
"91","アオラレ","65","975","3.4"
"92","弱くて強い女たち","159","366","3.9"
"93","ケミカル・ハーツ","1335","2095","3.7"
"94","あの夜、マイアミで","455","1103","3.8"
"95","タイラー・レイク －命の奪還－","14480","9130","3.8"
"96","ミッドナイト・スカイ","5641","6563","3.3"
"97","アンモナイトの目覚め","22","2887","3.2"
"98","ラーヤと龍の王国","2","1322","-"
"99","ムーラン","4810","18301","3.3"
"100","オールド・ガード","12897","7200","3.8"
"101","朝が来る","3676","14588","4.0"
"102","泣く子はいねぇが","2240","7585","3.8"
"103","友だちの友だち","188","55","3.0"
"104","STAND BY ME ドラえもん2","7500","8240","3.7"
"105","魔女見習いをさがして","4079","7648","3.8"
"106","ビューティー・ボーイズ／美しき少年たち","285","66","3.5"
"107","青く震える娘","242","69","3.0"
"108","ドクター・デスの遺産－BLACK FILE－","5224","10229","3.1"
"109","悪魔はいつもそこに","6123","8812","3.6"
"110","サヨナラまでの30分","5037","9265","3.9"
"111","DUNE/デューン 砂の惑星","31","12680","-"
"112","ジョゼと虎と魚たち","3194","6672","3.9"
"113","東京リベンジャーズ","7","5953","-"
"114","核家族","218","42","3.3"
"115","アルプススタンドのはしの方","5859","7816","4.0"
"116","天外者","4366","8215","4.0"
"117","静かな雨","1295","5451","3.7"
"118","劇場版ポケットモンスター ココ","2402","1516","4.0"
"119","ザ・ハント","2213","9589","3.7"
"120","BLACKPINK ライトアップ・ザ・スカイ","6561","2195","4.0"
"121","ステージ・マザー","21","4290","4.2"
"122","プリズン・エスケープ　脱出への10の鍵","826","2577","3.6"
"123","私というパズル","919","1791","3.7"
"124","アーヤと魔女","1797","643","3.1"
"125","テスラ エシ゛ソンか゛恐れた天才","15","2095","3.3"
"126","his","5466","16135","3.9"
"127","サイレント・トーキョー","3616","7087","3.3"
"128","マ・レイニーのブラックボトム","809","1015","3.7"
"129","空っぽの場所","197","28","3.2"
"130","シン・エヴァンゲリオン劇場版","342","26151","-"
"131","初恋","8101","14398","3.8"
"132","mellow","7409","9097","3.6"
"133","キスから始まるものがたり2","7176","2355","3.8"
"134","ビルとテッドの時空旅行 音楽で世界を救え！","1879","6936","3.7"
"135","プリンセス・プリンシパル Crown Handler 第1章","147","469","4.0"
"136","AI崩壊","9260","9026","3.4"
"137","星の子","3758","12417","3.6"
"138","影裏","3026","10491","3.3"
"139","君が世界のはじまり","1790","6429","3.8"
"140","ウルフウォーカー","1938","5514","4.1"
"141","ノッティングヒルの洋菓子店","538","4110","3.4"
"142","ヒルビリー・エレジー -郷愁の哀歌-","1264","2014","3.7"
"143","Summer of 85（英題）","40","1521","3.7"
"144","本気のしるし　劇場版","810","2772","4.1"
"145","ズーム／見えない参加者","714","1791","3.3"
"146","私がモテてどうすんだ","795","914","3.4"
"147","スカイライン －逆襲－","40","774","3.3"
"148","僕が跳びはねる理由","3","311","5.0"
"149","陰陽師: とこしえの夢","201","69","3.5"
"150","三島由紀夫vs東大全共闘 50年目の真実","3921","8263","4.0"
"151","ザ・ファイブ・ブラッズ","3037","5189","3.8"
"152","アンダードッグ 前編","1108","5131","4.0"
"153","ザ・ベビーシッター ～キラークイーン～","3785","1623","3.6"
"154","滝沢歌舞伎 ZERO 2020 The Movie","1866","849","4.1"
"155","Another Round（英題）","39","1356","3.8"
"156","さらば！2020年","763","546","3.7"
"157","AGANAI 地下鉄サリン事件と私","1","242","-"
"158","さくら","1482","10651","3.5"
"159","映画ドラえもん のび太の新恐竜","5118","3414","3.8"
"160","スペンサー・コンフィデンシャル","5155","1972","3.4"
"161","子供はわかってあげない","130","4091","3.9"
"162","監視資本主義　デジタル社会がもたらす光と影","2434","1308","3.9"
"163","ノクターン","877","1915","3.4"
"164","スタントウーマン ハリウッドの知られざるヒーローたち","705","1977","3.7"
"165","フィールズ・グッド・マン","11","1102","4.0"
"166","スターガール","377","544","3.6"
"167","水を抱く女","15","644","3.6"
"168","潔白","11","307","3.6"
"169","トップガン マーヴェリック","130","15400","-"
"170","弥生、三月-君を愛した３０年-","2651","5643","3.2"
"171","とんかつDJアゲ太郎","2895","5288","3.5"
"172","喜劇 愛妻物語","1345","5473","3.6"
"173","レベッカ","2641","4140","3.4"
"174","僕たちの嘘と真実 Documentary of 欅坂46","3480","1950","4.2"
"175","461個のおべんとう","1277","3901","3.7"
"176","マイ・スパイ","1193","1465","3.6"
"177","アメリカン・マーダー: 一家殺害事件の実録","1567","583","3.5"
"178","ザ・グラッジ 死霊の棲む屋敷","432","1502","3.1"
"179","Emma. （原題）","67","1805","3.6"
"180","クラウズ 雲の彼方へ","228","333","4.1"
"181","バッドボーイズ　フォー・ライフ","7998","9237","3.7"
"182","ワイルド・スピード／ジェットブレイク","65","11627","-"
"183","おらおらでひとりいぐも","1499","5178","3.7"
"184","ソワレ","1773","4655","3.7"
"185","アンダードッグ 後編","1005","2300","4.1"
"186","アイヌモシリ","714","2269","3.9"
"187","そこにいた男","1555","1009","3.1"
"188","スプリー","19","862","3.4"
"189","ある用務員","105","723","3.7"
"190","アウトポスト","24","679","3.8"
"191","アンコントロール","1","271","4.0"
"192","劇場版メイドインアビス　深き魂の黎明","4564","2704","4.1"
"193","ソニック・ザ・ムービー","3491","3735","3.6"
"194","映像研には手を出すな！","1947","3544","3.6"
"195","のぼる小寺さん","1771","3322","3.9"
"196","ムヒカ 世界でいちばん貧しい大統領から日本人へ","461","3181","4.0"
"197","コリアタウン殺人事件","1495","1555","3.2"
"198","峠 最後のサムライ","6","1897","-"
"199","ヒーローキッズ","1398","397","3.2"
"200","続・ボラット 栄光ナル国家だったカザフスタンのためのアメリカ貢ぎ物計画","1103","683","3.8"
"201","椿の庭","4","731","-"
"202","Antebellum（原題）","21","606","3.5"
"203","にしきたショパン","1","49","4.2"
"204","野性の呼び声","3420","4826","3.6"
"205","ユーロビジョン歌合戦 ～ファイア・サーガ物語～","1492","1340","3.7"
"206","はりぼて","924","1824","4.0"
"207","Work It 輝けわたし！","2323","375","3.6"
"208","3年目のデビュー","1866","797","4.0"
"209","ヒットマン エージェント：ジュン","511","866","3.7"
"210","40歳の解釈: ラダの場合","223","291","3.9"
"211","ミス・アメリカーナ","4245","1973","4.1"
"212","ネクスト・ドリーム／ふたりで叶える夢","952","4406","3.8"
"213","劇場版 SHIROBAKO","3080","1621","4.0"
"214","PSYCHO-PASS サイコパス 3 FIRST INSPECTOR","2618","2071","3.7"
"215","なぜ君は総理大臣になれないのか","1671","2882","4.1"
"216","アンダーウォーター","1179","3254","3.4"
"217","サイダーのように言葉が湧き上がる","49","3503","3.7"
"218","シライサン","1476","1758","3.0"
"219","滑走路","678","2514","3.7"
"220","フィール・ザ・ビート","2067","875","3.6"
"221","恋する寄生虫","-","2174","-"
"222","燃えよデブゴン／TOKYO MISSION","819","1141","3.7"
"223","ラブ・ギャランティード","1282","437","3.3"
"224","18歳の""やっちまえ""リスト","1234","395","3.5"
"225","ヒノマルソウル～舞台裏の英雄たち～","14","1468","-"
"226","アフター -壊れる絆-","1122","297","3.5"
"227","Never, Rarely, Sometimes, Always（原題）","30","846","4.3"
"228","これからの人生","371","312","3.6"
"229","シルヴィ　恋のメロディ","110","213","3.6"
"230","めぐみへの誓い","4","158","3.0"
"231","国際捜査！","6","128","2.9"
"232","プロジェクト・パワー","6877","4515","3.4"
"233","ジャングル・クルーズ","18","10712","-"
"234","ガーディアンズ・オブ・ギャラクシー Vol.3（原題）","59","8752","-"
"235","デジモンアドベンチャー LAST EVOLUTION 絆","3332","3013","4.0"
"236","空に住む","1294","4493","3.3"
"237","記憶屋 あなたを忘れない","2179","3308","3.2"
"238","弱虫ペダル","2878","2515","3.7"
"239","わたしは金正男を殺してない","763","4144","3.9"
"240","ホリデーオンリー: とりあえずボッチ回避法?","3927","974","3.5"
"241","ジオラマボーイ・パノラマガール","898","3604","3.5"
"242","一度も撃ってません","722","3330","3.4"
"243","劇場版 おいしい給食 Final Battle","978","2066","3.7"
"244","マクマホン・ファイル","965","1180","2.8"
"245","GOGO（ゴゴ）94歳の小学生","254","1866","3.6"
"246","獣の棲む家","1162","429","3.1"
"247","フード・ラック！食運","500","1039","3.6"
"248","#ハンド全力","241","1206","3.5"
"249","ブラック・ボックス","804","589","3.5"
"250","その住人たちは","855","513","3.3"
"251","君の心に刻んだ名前","535","598","3.9"
"252","グレイス －消えゆく幸せ－","797","289","3.4"
"253","スポンジ・ボブ　スポンジ・オン・ザ・ラン","626","284","3.7"
"254","過去はいつも新しく、未来はつねに懐かしい　写真家 森山大道","15","751","3.7"
"255","バッド・ヘアー","24","654","3.2"
"256","Detective Chinatown 3（英題）","3","635","4.0"
"257","ボイス －深淵からの囁き－","431","197","3.2"
"258","AVA／エヴァ","46","474","2.8"
"259","マシュー・ボーン IN CINEMA 赤い靴","4","445","3.7"
"260","甦る三大テノール 永遠の歌声","120","246","4.0"
"261","AK vs AK","54","113","4.0"
"262","SEASONS OF WOMAN","22","140","3.6"
"263","ジュゼップ","76","43","3.3"
"264","風の電話","1510","5483","3.7"
"265","Daughters","580","4427","3.7"
"266","性の劇薬","1825","1288","2.7"
"267","はるヲうるひと","19","3089","-"
"268","緊急事態宣言","515","2336","3.1"
"269","狩りの時間","1582","1122","3.4"
"270","夏、至るころ","303","2286","3.6"
"271","狂武蔵","645","1579","3.2"
"272","青い、森","124","1894","3.5"
"273","ヘルムート・ニュートンと12人の女たち","315","1319","3.7"
"274","ハピエスト・ホリデー 私たちのカミングアウト","175","1369","3.6"
"275","真･鮫島事件","359","1065","3.1"
"276","無頼","351","1069","3.5"
"277","裏アカ","7","999","-"
"278","オラフの生まれた日","557","162","3.8"
"279","人狼ゲーム デスゲームの運営人","129","430","3.6"
"280","Supernova（原題）","1","534","4.0"
"281","リーサル・ストーム","4","312","3.2"
"282","シティーコップ 余命30日?!のヒーロー","2","218","3.5"
"283","旅立つ息子へ","4","188","2.6"
"284","なんのちゃんの第二次世界大戦","4","114","4.2"
"285","ネイバー・イン・ザ・ウインドウ","72","13","3.1"
"286","ハイスクール・ミュージカル：ザ・ミュージカル ホリデー・スペシャル","31","13","3.7"
"287","ピース・オブ・ケイク　グランマのレシピ","12","5","2.7"
"288","viewers:1","8","2","4.9"
"289","Always and Forever（原題）","-","6","-"
"290","Wittgenstein Plays Chess with Marcel Duchamp, or How Not to Do Philosophy（原題）","2","2","4.8"
"291","ホテルローヤル","1199","3743","3.3"
"292","ピーターラビット２／バーナバスの誘惑","9","4092","3.3"
"293","HOKUSAI","42","3739","3.4"
"294","BURN THE WITCH","1419","2115","3.8"
"295","クリスマス・クロニクル PART2","1958","895","3.6"
"296","どうにかなる日々","504","1970","3.5"
"297","アーニャは、きっと来る","486","1967","3.6"
"298","思い、思われ、ふり、ふられ","623","1777","3.4"
"299","老後の資金がありません！","9","1812","-"
"300","サマーフィルムにのって","58","1558","4.1"
"301","スイッチング・プリンセス もう一度スイッチ!","1162","419","3.5"
"302","リスタートはただいまのあとで","268","934","3.5"
"303","ハミルトン","240","953","4.5"
"304","ボー・ピープはどこに？","817","370","3.6"
"305","誰も眠らない森","958","182","2.7"
"306","もったいないキッチン","173","874","3.5"
"307","踊ってミタ","157","814","3.6"
"308","日本沈没2020 劇場編集版 シズマヌキボウ","346","621","3.0"
"309","僕は猟師になった","208","737","3.9"
"310","ビースティ・ボーイズ・ストーリー","246","623","4.0"
"311","『犬鳴村』恐怖回避ばーじょん 劇場版","328","508","2.6"
"312","アリアナ・グランデ excuse me, i love you","580","209","4.0"
"313","シークレット・ラブ: 65年後のカミングアウト","188","600","4.0"
"314","ゾンビーズ2","507","216","3.7"
"315","ザ・ウェイバック","179","519","3.5"
"316","ACCA13区監察課 Regards","241","418","3.9"
"317","タイガーテール －ある家族の記憶－","266","355","3.4"
"318","由宇子の天秤","13","577","4.8"
"319","レフト ー恐怖物件ー","73","484","2.8"
"320","ザ・ビースト","210","327","2.8"
"321","グッドボタン　暴走する若者たち","423","84","2.9"
"322","ローズ島共和国 ～小さな島の大波乱～","237","247","3.6"
"323","カラミティ（仮題）","11","470","3.8"
"324","ヴァンパイアvsザ・ブロンクス","311","129","3.2"
"325","きまじめ楽隊のぼんやり戦争","10","414","4.1"
"326","オクトパスの神秘: 海の賢者は語る","214","147","4.2"
"327","警察と泥棒","185","101","3.7"
"328","トゥルーノース","44","218","4.1"
"329","私は決して泣かない","67","117","3.8"
"330","ブラック・クローラー","24","158","2.6"
"331","ミリオンダラー・スティーラー　史上最大の作戦","117","40","3.4"
"332","トレマーズ　地獄島","42","76","3.4"
"333","クレイジーズ 42日後","3","97","2.1"
"334","マジックに魅せられて","49","45","3.8"
"335","ウィジャ・シャーク　霊界サメ大戦","10","58","1.4"
"336","スプートニク","5","61","2.8"
"337","Slalom（原題）","2","27","3.3"
"338","Welcome to Chechnya（原題）","2","23","4.5"
"339","Recoding Entropia","18","4","2.6"
"340","前田建設ファンタジー営業部","3439","5615","3.8"
"341","耳をすませば","13","4042","-"
"342","十二単衣を着た悪魔","360","1780","3.4"
"343","映画 ギヴン","837","935","4.2"
"344","恋する遊園地","249","1442","3.5"
"345","スリープオーバー 夜の大冒険","1119","499","3.3"
"346","クローゼット","277","1286","3.5"
"347","リトル・サブカル・ウォーズ ～ヴィレヴァン！の逆襲～","186","1364","3.6"
"348","貴族降臨 PRINCE OF LEGEND","710","671","3.3"
"349","囀る鳥は羽ばたかない The clouds gather","496","858","3.8"
"350","マイ・ストーリー","590","748","4.1"
"351","Candyman（原題）","5","1302","3.0"
"352","グレイハウンド","524","780","3.6"
"353","殺人ホテル","1080","175","2.8"
"354","13月の女の子","260","988","3.7"
"355","燕 Yan","295","926","3.5"
"356","蒲田前奏曲","201","995","3.6"
"357","ウィロビー家の子どもたち","836","304","3.5"
"358","ザ・ターニング","131","976","2.8"
"359","ジングル・ジャングル 魔法のクリスマスギフト","641","348","3.5"
"360","コフィー＆カリーム","665","240","3.2"
"361","鹿の王","2","846","-"
"362","デスペラードス ～崖っぷち女子旅～","572","183","3.1"
"363","ルーブル美術館の夜 ―ダ・ヴィンチ没後500年展","150","580","3.7"
"364","デンジャラス・ライ","611","114","3.1"
"365","Run（原題）","50","650","3.6"
"366","Life線上の僕ら ディレクターズカット版","60","587","3.9"
"367","ロックンロール・ストリップ","117","524","3.5"
"368","The War with Grandpa（原題）","13","618","3.3"
"369","ファンタジー・アイランド","181","447","2.7"
"370","アトラクション -侵略-","189","437","3.0"
"371","コスメティック・ウォー　わたしたちがbossよ！","408","204","3.2"
"372","相撲道～サムライを継ぐ者たち～","189","312","3.9"
"373","悪は存在せず","87","413","3.7"
"374","ワインは期待と現実の味","273","189","3.6"
"375","海辺の彼女たち","34","407","3.9"
"376","カリフォルニア・クリスマス","298","99","3.4"
"377","アンオーソドックス －制作の舞台裏－","136","256","4.0"
"378","Days（英題）","116","212","3.6"
"379","AK-47 最強の銃　誕生の秘密","80","219","3.4"
"380","ボス・ベイビー: ベイビー株式会社を救え!","152","112","3.0"
"381","キス・ザ・グラウンド: 大地が救う地球の未来","101","156","4.2"
"382","イーブルアイ","152","102","2.8"
"383","ザ・シークレット:デア・トゥー・ドリーム","177","73","3.5"
"384","タイム","73","135","3.6"
"385","ストーカー 3日目の逆襲","72","125","3.1"
"386","ボブという名の猫2(仮)","7","180","3.3"
"387","French Exit（原題）","1","168","3.5"
"388","SAMJIN COMPANY ENGLISH CLASS（英題）","20","140","3.8"
"389","デヴィッド・アッテンボロー: 地球に暮らす生命","102","54","4.1"
"390","マ・レイニーのブラックボトムが映画になるまで","77","75","3.4"
"391","Voice of Silence(英題）","11","128","3.5"
"392","グッドバイ","9","110","3.6"
"393","エイリアンとの交信を追い求めて","79","33","3.2"
"394","ブーブル","77","33","3.2"
"395","DAU. Degeneration（英題）","5","105","3.3"
"396","GET SET GO","62","45","3.1"
"397","ワーキング・ガールズ","67","24","3.2"
"398","悪魔がみている","1","89","4.0"
"399","I Care a Lot（原題）","1","83","3.6"
"400","Pawn（英題）","7","68","4.2"
"401","タイム・ガーディアンズ 異界の魔女と時をかける少女","-","74","-"
"402","打姫オバカミーコ","9","63","2.9"
"403","この子をよろしく ～突然!? 育児トライアル～","42","14","3.4"
"404","狼をさがして","-","51","-"
"405","The Clark Sisters: First Ladies of Gospel（原題）","38","7","3.3"
"406","The Origin of the World（英題）","-","27","-"
"407","忘れられた神様","-","23","-"
"408","French Tech（英題）","-","14","-"
"409","Red Soil（英題）","-","9","-"
"410","Garcon chiffon（原題）","-","9","-"
"411","Cowboys（原題）","1","8","2.5"
"412","The Speech（英題）","-","5","-"
"413","Vaurien（原題）","-","4","-"
"414","Broken Keys（原題）","-","4","-"
"415","Ibrahim（原題）","-","4","-"
"416","Souad（原題）","-","4","-"
"417","Striding with the Wind（英題）","-","2","-"
"418","The Death of Cinema and My Father Too（原題）","-","2","-"
"419","ぼくらベアベアーズ　ザ・ムービー","1","1","-"
"420","人数の町","1234","3725","3.4"
"421","カメラを止めるな！リモート大作戦！","2987","1137","3.5"
"422","破壊の日","816","2938","3.5"
"423","8日で死んだ怪獣の12日の物語","477","2309","3.4"
"424","みをつくし料理帖","746","1889","3.6"
"425","アルテミスと妖精の身代金","514","2038","2.8"
"426","ブラッドショット","1241","1272","3.5"
"427","僕のミッシー","1675","469","3.3"
"428","劇場版 Fate/Grand Order -神聖円卓領域キャメロット- Wandering; Agateram","935","1038","3.2"
"429","星屑の町","588","1279","3.4"
"430","トロールズ ミュージック★パワー","615","1183","3.7"
"431","BREAK THE SILENCE: THE MOVIE","1275","471","4.3"
"432","ホース・ガール","834","873","3.2"
"433","ヒュービーのハロウィーン","1316","372","3.3"
"434","10万分の1","288","1292","3.3"
"435","劇場版 仮面ライダーゼロワン REAL×TIME","941","525","4.1"
"436","精神0","399","1051","3.9"
"437","水上のフライト","425","974","3.7"
"438","ロストガールズ","1047","345","3.1"
"439","うたのはじまり","271","890","4.2"
"440","The Green Knight（原題）","-","1138","-"
"441","きょうのできごと a day in the home","366","765","3.4"
"442","トランスジェンダーとハリウッド: 過去、現在、そして","504","615","4.2"
"443","恋するけだもの","196","914","3.9"
"444","ビューティフル ドリーマー","255","841","3.3"
"445","Reframe THEATER EXPERIENCE with you","659","354","4.3"
"446","Wonderland（英題）","1","1008","-"
"447","The Secret Garden（原題）","17","985","3.4"
"448","The Nightingale（原題）","1","937","-"
"449","Without Remorse（原題）","1","928","-"
"450","ザ・バンカー","188","729","3.8"
"451","ヘイター","412","468","3.5"
"452","ポゼッサー","149","713","3.5"
"453","日本独立","120","712","3.1"
"454","Last Lover ラストラバー","109","709","3.5"
"455","わたしは分断を許さない","148","664","3.9"
"456","オルタード・カーボン：リスリーブド","640","172","3.5"
"457","ナイト・ウォッチャー","302","447","3.1"
"458","The Croods: A New Age（原題）","17","730","3.9"
"459","大怪獣のあとしまつ","-","710","-"
"460","Relic（原題）","38","663","3.3"
"461","おかえり　ただいま","93","602","2.9"
"462","いまだったら言える気がする","137","529","3.4"
"463","アンチ・ライフ","134","513","2.6"
"464","The Roads Not Taken（原題）","5","607","2.7"
"465","映画館にいく日","264","339","3.3"
"466","サイケな世界 ～スターが語る幻覚体験～","470","114","3.7"
"467","Kajillionaire（原題）","20","541","4.0"
"468","フェアリー・ゴッドマザー","288","253","3.6"
"469","八王子ゾンビーズ","139","388","3.1"
"470","劇場版ウルトラマンタイガ ニュージェネクライマックス","343","164","3.6"
"471","恐竜超伝説　劇場版ダーウィンが来た！","288","210","3.4"
"472","KING OF PRISM ALL STARS プリズムショー☆ベストテン","391","98","4.5"
"473","香港画","169","319","3.9"
"474","スカイ・シャーク","4","482","3.8"
"475","都会のトム＆ソーヤ","2","483","-"
"476","クリスマスドロップ作戦 ～南の島に降る奇跡～","382","99","3.4"
"477","ディープ・ブルー3","285","184","2.8"
"478","The Tomorrow War（原題）","-","468","-"
"479","Deliver Us From Evil（英題）","30","424","3.6"
"480","ふたつのシルエット","101","352","3.7"
"481","Greenland（原題）","66","366","3.2"
"482","Life in a Year（原題）","3","425","3.4"
"483","皮膚を売った男","123","296","3.8"
"484","失墜","326","90","3.0"
"485","写真の女","128","288","3.5"
"486","Misbehaviour（原題）","4","411","3.6"
"487","ママは世直しヒーロー","312","102","2.9"
"488","死神遣いの事件帖 -傀儡夜曲-","149","253","3.5"
"489","The Conjuring: The Devil Made Me Do It（原題）","3","397","-"
"490","アンブレイカブル・キミー・シュミット: キミーVS教祖","133","252","3.6"
"491","キューティーズ！","193","189","3.2"
"492","TOVE（原題）","2","370","3.2"
"493","真夜中のマグノリアで","330","37","3.4"
"494","Infinite（原題）","-","357","-"
"495","あざみさんのこと 誰でもない恋人たちの風景vol.2","38","312","3.6"
"496","演じる女","3","343","4.2"
"497","in-side-out","61","284","3.2"
"498","息子の面影","91","245","3.9"
"499","劇場版 生徒会役員共2","88","227","3.5"
"500","空はどこにある","94","213","3.8"
"501","劇場版　ひみつ×戦士　ファントミラージュ！~映画になってちょーだいします~","117","175","3.5"
"502","バレエ: 未来への扉","159","130","3.9"
"503","さよなら、ティラノ","1","285","-"
"504","完全なる飼育 etude","37","245","3.6"
"505","MORTAL モータル","95","184","3.2"
"506","マーク・オブ・ザ・デビル","234","44","2.2"
"507","心霊喫茶「エクストラ」の秘密-The Real Exorcist-","109","168","2.9"
"508","ROMA/ローマ 完成までの道","172","102","3.9"
"509","アイム・ユア・ウーマン","105","164","3.5"
"510","アーカイヴ","57","207","3.4"
"511","ボーイズ・ステイト","72","187","4.1"
"512","ローグ・シティ","211","43","3.0"
"513","Naked Singularity（原題）","-","254","-"
"514","甲子園：フィールド・オブ・ドリームス","80","171","4.0"
"515","Laal Singh Chaddha（原題）","-","244","-"
"516","こちら放送室よりトム少佐へ","156","86","3.7"
"517","トム・クルーズ-永遠の若さを追求して-","55","186","3.5"
"518","LEGO スター・ウォーズ／ホリデー・スペシャル","188","51","3.7"
"519","＃フォロー・ミー","19","216","2.8"
"520","The Doorman（原題）","8","209","3.2"
"521","死ぬ間際","90","124","3.5"
"522","Irreversible - Inversion Integrale（原題）","-","214","-"
"523","ヘル・フィールド ナチスの戦城","57","155","3.4"
"524","The Pirates: Goblin Flag（英題）","1","208","-"
"525","名探偵ティミー","94","113","3.5"
"526","The Tax Collector（原題）","2","204","2.9"
"527","スポンティニアス","26","178","3.4"
"528","Fatman（原題）","10","184","3.1"
"529","フリーダ・カーロに魅せられて","18","175","3.6"
"530","ループ","160","31","3.5"
"531","すべてをかけて：民主主義を守る戦い","82","108","4.1"
"532","リトル・ガール","68","121","3.8"
"533","Disclosure: Trans Lives on Screen（原題）","83","95","4.3"
"534","Saint Laurent - Summer of '21（原題）","43","124","3.6"
"535","Gagarine（原題）","4","161","3.8"
"536","セイフティ 最高の兄弟","91","73","4.0"
"537","戦国ガールと剣道ボーイ","-","163","-"
"538","American Utopia（原題）","7","155","4.5"
"539","Dragon Rider（原題）","-","158","-"
"540","夜明け","65","93","2.4"
"541","のさりの島","-","153","-"
"542","リッチョーネの日差しの下で","87","64","3.4"
"543","Superintelligence（原題）","7","138","3.3"
"544","戦車闘争","35","108","3.8"
"545","Come Play（原題）","22","121","3.1"
"546","ガールズ・リベンジ","112","24","3.1"
"547","A l’abordage（原題）","4","132","3.9"
"548","グンジャン・サクセナ －夢にはばたいて－","76","59","3.8"
"549","LUDO ～4つの物語～","50","84","3.9"
"550","内なる獣性","107","25","2.9"
"551","シークレット・ランナー","49","82","2.8"
"552","バースト・マシンガール／マシンガール DEAD OR ALIVE","28","102","3.3"
"553","老人スパイ","69","60","3.2"
"554","親愛なる同志たちへ","49","78","3.6"
"555","Good Joe Bell（原題）","2","123","3.8"
"556","水俣曼荼羅","9","115","4.8"
"557","七人楽隊","35","87","3.8"
"558","ウルトラス","71","48","3.3"
"559","シークレット・ソサエティ ～王家第二子 秘密結社～","84","35","3.4"
"560","赤い惑星","30","87","3.9"
"561","あこがれの空の下　教科書のない小学校の一年","20","77","4.1"
"562","キリング・マシーン","46","48","3.2"
"563","新作歌舞伎『風の谷のナウシカ』","35","57","3.8"
"564","The Craft: Legacy（原題）","2","88","3.0"
"565","初仕事","53","34","3.3"
"566","サイレンシング","19","63","3.0"
"567","ネズラ 1964","21","61","3.1"
"568","迷子になった拳","13","69","3.5"
"569","Little Fish（原題）","1","78","3.0"
"570","スカイ・ミッション","51","25","2.2"
"571","ハクション!","18","56","3.3"
"572","かくも長き道のり","4","66","3.7"
"573","最後の入浴","36","34","3.5"
"574","Heaven: To The Land of Happiness（英題）","-","70","-"
"575","Blithe Spirit（原題）","-","70","-"
"576","ノートブック －愛するあなたへ－","37","29","3.5"
"577","This is Tokyo","45","21","3.0"
"578","Last Words（原題）","-","65","-"
"579","ローズメイカー 奇跡のバラ","1","62","3.0"
"580","セヴンティーン","46","16","2.8"
"581","CHAIN","-","62","-"
"582","オストラ －歌声を届けて－","51","9","3.2"
"583","俺を好きなのはお前だけかよ　俺たちのゲームセット","5","54","3.9"
"584","夜明け前のうた","-","58","-"
"585","BLOOD-CLUB DOLLS2","8","47","1.2"
"586","Passion simple（原題）","-","51","-"
"587","コスモボール／COSMOBALL","10","39","3.2"
"588","Collectors（英題）","5","44","3.2"
"589","忘れたくないのに定かじゃない","41","4","2.6"
"590","The Wolf of Snow Hollow（原題）","4","41","4.0"
"591","タイタンフォール 巨神降臨","22","21","1.6"
"592","Sun Children（原題）","1","38","3.8"
"593","猫のルーファスと魔法の王国","19","19","2.5"
"594","ビハインド・ユー　－その「何か」は、鏡の中にいる－","2","33","2.8"
"595","ヒロシマへの誓い サーロー節子とともに","17","17","4.3"
"596","Cosmetic DNA","18","16","3.7"
"597","The Kid Detective（原題）","6","27","3.1"
"598","Run Hide Fight（原題）","7","25","3.5"
"599","Forgotten We'll Be（英題）","11","20","3.5"
"600","John and the Hole（原題）","1","30","3.8"
"601","Home Front（原題）","-","27","-"
"602","I Don’t Fire Myself（英題）","-","27","-"
"603","ワールズエンドファンクラブLP","4","22","1.8"
"604","Shock Wave 2（英題）","2","23","3.7"
"605","ブリード・キャンプ　家畜収容所","7","11","2.2"
"606","ヘヴンクエスト　導かれし勇者達","12","5","1.4"
"607","Un medecin de nuit（原題）","-","17","-"
"608","The Metamorphosis of Birds（英題）","1","14","1.5"
"609","The Truffle Hunters（原題）","-","15","-"
"610","Enfant Terrible（原題）","-","14","-"
"611","All the Dead Ones（英題）","3","10","2.0"
"612","性春まみれ","9","4","3.4"
"613","からっぽのシュークリーム","3","9","4.1"
"614","P1H：新しい世界の始まり","-","12","-"
"615","Adverse（原題）","-","12","-"
"616","Charlatan（原題）","2","9","3.7"
"617","オペレーション・ローグ3 デス・オブ・ア・ネーション","6","4","2.3"
"618","Some Kind of Heaven（原題）","-","9","-"
"619","Limbo（原題）","3","5","3.4"
"620","マリセラ・エスコベド: 彼女は三度殺された","6","2","4.4"
"621","つれづれ","4","4","3.7"
"622","七つの大罪クラブ 生贄になった少女たち","-","8","-"
"623","蒼い経験 禁断SPECIAL","3","4","2.0"
"624","Flee（原題）","1","6","3.7"
"625","Baby Done（原題）","-","6","-"
"626","Memory House（原題）","2","3","2.0"
"627","Teddy（原題）","-","5","-"
"628","Un triomphe（原題）","-","5","-"
"629","ドラゴン・スクワッド","-","4","-"
"630","If It Were Love（英題）","2","2","2.0"
"631","「銀河自転車の夜2019」 最終章","4","-","4.3"
"632","STUCK - 漆黒の闇に蠢く影","3","1","2.6"
"633","BEFORE/AFTER","2","-","3.9"
"634","Back to the Wharf（英題）","-","1","-"
"635","劇場版 Fate/stay night Heaven's Feel Ⅲ.spring song","4290","2172","4.2"
"636","Minamata（原題）","5","2396","-"
"637","フェイフェイと月の冒険","814","694","3.3"
"638","ラブ、ウェディング、リピート","898","473","3.3"
"639","COMPLY+-ANCE コンプライアンス","329","1024","3.4"
"640","ボーイズ・イン・ザ・バンド","806","543","3.6"
"641","ゴリラのアイヴァン","266","993","3.6"
"642","銃2020","176","914","3.0"
"643","特別上映版「はたらく細胞!!」最強の敵、再び。体の中は“腸”大騒ぎ！","334","707","3.5"
"644","侍の名のもとに　野球日本代表　侍ジャパンの800日","738","283","3.9"
"645","愛は、365の日々で","847","149","2.8"
"646","希望のカタマリ","485","385","3.6"
"647","仮面ライダージオウ NEXT TIME ゲイツ、マジェスティ","545","322","3.6"
"648","The Sandman（原題）","4","851","-"
"649","グリーン・ランタン（原題）","10","843","4.0"
"650","弱虫スクービーの大冒険","68","734","3.4"
"651","君は彼方","136","642","2.2"
"652","呪われの橋","483","289","3.2"
"653","Untitled Mike Mills Project（原題）","2","750","-"
"654","建築と時間と妹島和世","170","580","2.9"
"655","Rifkin's Festival（原題）","-","712","-"
"656","魚座どうし","287","416","4.0"
"657","ゴブリンスレイヤー GOBLIN'S CROWN","509","191","3.2"
"658","妖怪人間ベラ","135","563","3.3"
"659","The Stunt Double（原題）","277","380","3.7"
"660","ラブバード","396","260","3.3"
"661","がんばれいわ!!ロボコン ウララ～！恋する汁なしタンタンメン!!の巻","243","402","3.3"
"662","名も無い日","3","636","3.8"
"663","夢追いウサギ","506","125","3.9"
"664","サイボーグ（原題）","-","630","-"
"665","ファンファーレが鳴り響く","116","506","3.3"
"666","「進撃の巨人」～クロニクル～","326","280","3.8"
"667","劇場版 騎士龍戦隊リュウソウジャーVSルパンレンジャーVSパトレンジャー","432","165","3.9"
"668","劇場短編 仮面ライダーセイバー 不死鳥の剣士と破滅の本","428","164","2.8"
"669","ATEOTD","56","533","3.6"
"670","日本人の忘れもの　フィリピンと中国の残留邦人","87","499","4.2"
"671","記憶の技法","115","459","3.3"
"672","友達やめた。","60","513","3.8"
"673","アンビアンス（原題）","10","561","3.0"
"674","機内モードな私","499","72","3.3"
"675","STAND STRONG","53","502","3.1"
"676","あるメイドの秘密","344","201","3.3"
"677","ラストデイズ・オブ・アメリカン・クライム","398","133","2.6"
"678","ママをやめてもいいですか!?","58","472","3.8"
"679","昼下がりの甘いパイ","342","186","3.4"
"680","映画プリキュアミラクルリープ みんなとの不思議な1日","287","239","3.8"
"681","Inheritance（原題）","29","494","2.9"
"682","アース・フォール JIU JITSU","74","426","2.9"
"683","その男、東京につき","113","386","3.9"
"684","Shadow in the Cloud（原題）","22","475","2.2"
"685","ロストベイベーロスト","119","374","3.5"
"686","仮面ライダー電王　プリティ電王とうじょう！","79","413","3.6"
"687","イズィ&オズィ","402","77","3.5"
"688","ショーン・メンデス　ありのままの魅力","359","116","4.0"
"689","Gretel & Hansel（原題）","20","444","2.9"
"690","少女☆歌劇 レヴュー・スタァライト 再生産総集編 ロンド・ロンド・ロンド","331","132","4.1"
"691","Love and Monsters（英題）","45","400","3.4"
"692","Three Thousand Years of Longing（原題）","1","441","-"
"693","Let Them All Talk（原題）","3","430","2.8"
"694","明日、キミのいない世界で","125","307","2.9"
"695","Dating Amber（原題）","7","424","4.0"
"696","Malignant（原題）","-","419","-"
"697","劇場版 Gのレコンギスタ II ベルリ撃進","269","147","3.8"
"698","東京バタフライ","102","311","3.6"
"699","別れる前にしておくべき10のこと","207","200","2.5"
"700","The King of Staten Island（原題）","50","356","3.6"
"701","愛のまなざしを","33","369","-"
"702","The Comeback Trail（原題）","2","400","2.0"
"703","レディ・トゥ・レディ","92","304","3.7"
"704","Mob Girl（原題）","2","391","-"
"705","映画 ふしぎ駄菓子屋　銭天堂","41","347","3.1"
"706","パラメディック －闇の救急救命士－","315","72","3.0"
"707","実りゆく","104","281","3.5"
"708","ブラック・ビューティー","96","289","3.6"
"709","劇場版 BEM ～BECOME HUMAN～","105","277","3.4"
"710","新卒ポモドーロ","35","345","4.0"
"711","New Order（英題）","3","377","3.6"
"712","不夜城の男","54","323","3.6"
"713","仕事と日（塩尻たよこと塩谷の谷間で)","6","364","3.9"
"714","The Human Voice（原題）","-","368","-"
"715","シネマ歌舞伎　三谷かぶき　月光露針路日本　風雲児たち","136","228","4.0"
"716","After Yang（原題）","-","357","-"
"717","クローゼット","102","249","3.7"
"718","TOKYO TELEWORK FILM","28","323","3.8"
"719","the believers ビリーバーズ","119","228","3.5"
"720","トラブル・ウィズ・ビーイング・ボーン","79","266","3.0"
"721","ゲキ×シネ「偽義経冥界歌」","188","154","4.0"
"722","MOTHERS","129","212","4.1"
"723","リッチな僕が恋したら","270","67","3.1"
"724","世界一初恋　プロポーズ編","138","196","3.6"
"725","鬼ガール！！","124","210","3.2"
"726","花のあとさき　ムツばあさんの歩いた道","101","229","4.2"
"727","Falling（原題）","6","323","3.5"
"728","TOKYO TELEPATH 2020","68","260","3.6"
"729","エポックのアトリエ 菅谷晋一がつくるレコードジャケット","43","284","3.9"
"730","Resistance（原題）","7","320","3.3"
"731","Words on Bathroom Walls（原題）","8","313","4.1"
"732","HoneyWorks 10th Anniversary “LIP×LIP FILM×LIVE”","152","166","3.6"
"733","ケアニン　こころに咲く花","39","268","4.0"
"734","たぶん","52","255","3.3"
"735","ベビーシッターのモンスターハンティング・ガイド","234","69","3.1"
"736","A Christmas Carol（原題）","-","303","-"
"737","オールデイ・アンド・ア・ナイト: 終身刑となった僕","161","140","3.4"
"738","Shirley（原題）","17","284","3.9"
"739","癒しのこころみ~自分を好きになる方法~","79","219","3.1"
"740","河童の女","106","192","3.3"
"741","Honest Thief（原題）","21","277","3.3"
"742","天才画家ダ・ヴィンチのすべて","26","266","3.6"
"743","Wild Mountain Thyme（原題）","2","274","3.4"
"744","いとみち","2","273","-"
"745","Irresistible（原題）","15","259","3.1"
"746","リョーマ！ The Prince of Tennis 新生劇場版テニスの王子様","1","272","-"
"747","The Nest（原題）","5","261","3.7"
"748","イエスかノーか半分か","59","206","3.8"
"749","Viena and the Fantomes（原題）","1","258","2.0"
"750","ヴァンガード／急先鋒","10","245","3.1"
"751","阪神タイガース THE MOVIE 猛虎神話集","115","139","3.4"
"752","Shadowed（原題）","183","70","3.4"
"753","ロストブレット　窮地のカーチェイス","189","59","3.0"
"754","The Eyes of Tammy Faye（原題）","-","248","-"
"755","Cut Throat City（原題）","2","241","2.8"
"756","荒野のコトブキ飛行隊 完全版","142","97","3.6"
"757","Josee (英題）","9","230","3.5"
"758","ディック・ジョンソンの死","103","134","3.9"
"759","ゲキ×シネ「けむりの軍団」","108","127","4.1"
"760","<U+2F2D>猫は眠らない8 暗殺者の終幕","88","144","3.3"
"761","ブラック・イズ・キング","106","126","3.9"
"762","魔進戦隊キラメイジャー エピソードZERO","181","50","3.0"
"763","わたしは元気","103","127","4.2"
"764","巨蟲列島","122","106","2.5"
"765","zk／頭脳警察50 未来への鼓動","44","180","3.8"
"766","蒼穹のファフナー THE BEYOND 第七話・第八話・第九話","128","96","4.3"
"767","映画 おかあさんといっしょ すりかえかめんをつかまえろ！","127","96","3.4"
"768","アップル","92","129","3.8"
"769","The Photograph（原題）","7","212","3.6"
"770","JUST ANOTHER","71","147","3.9"
"771","ノー・チョイス","65","153","3.6"
"772","The World to Come（原題）","1","216","3.0"
"773","セガvs.任天堂 Console Wars","150","66","3.5"
"774","Omniboat: A Fast Boat Fantasia（原題）","1","212","3.9"
"775","ほら、ここにいるよ　このちきゅうでくらすためのメモ","10","198","3.7"
"776","エージェント：ライオン","154","53","3.2"
"777","デリート・ヒストリー","103","104","3.5"
"778","モンスターストライク THE MOVIE ルシファー 絶望の夜明け","132","73","3.4"
"779","悲しき天使","41","161","3.2"
"780","あるアスリートの告発","120","81","3.8"
"781","Nine Days（原題）","3","196","3.5"
"782","I Still Believe（原題）","15","181","3.2"
"783","カム・アンド・ゴー","49","147","3.8"
"784","大阪少女","60","134","3.6"
"785","映画 人間椅子 バンド生活三十年","61","128","3.8"
"786","劇場特別版　カフカの東京絶望日記","48","140","3.6"
"787","海が青くなるまで泳ぐ","70","117","3.5"
"788","今日もまたクリスマス・イヴ","160","27","3.7"
"789","あなたみたいに、なりたくない。","135","51","2.7"
"790","バイク泥棒","56","130","3.3"
"791","人体のサバイバル！","128","53","3.2"
"792","ゼイ・リーチ-未知からの侵略者-","100","81","2.6"
"793","Let Him Go（原題）","12","168","3.5"
"794","特別上映版 ワールドトリガー2nd シーズン","85","93","4.1"
"795","花と沼","47","129","4.1"
"796","ディヴィジョン","6","170","3.0"
"797","サイコハウス 血を誘う家","14","162","3.0"
"798","映画おしりたんてい テントウムシいせきの なぞ","67","108","3.3"
"799","無聲","67","108","3.7"
"800","LA発オリジナルズ ～チカーノ・パワー～","134","41","3.9"
"801","おかあさんの被爆ピアノ","56","118","3.6"
"802","目指せ! スーパースター","132","42","3.2"
"803","ナイト・サバイバー","61","112","2.1"
"804","フィニアスとファーブ／ザ・ムービー：キャンディス救出大作戦","115","58","3.9"
"805","誘惑は死の香り","136","34","2.7"
"806","サラ・クーパーのすべて順調","8","162","3.0"
"807","ハンディキャップ・キャンプ: 障がい者運動の夜明け","55","114","3.9"
"808","Last and First Men（原題）","7","162","3.8"
"809","サイレント・ウォーター","71","97","2.8"
"810","LOVE STAGE!!","12","156","3.9"
"811","Becky（原題）","12","156","3.3"
"812","夜明けを信じて。","63","104","3.6"
"813","フィルムに宿る魂","6","159","3.0"
"814","愛してるよバカ","133","31","3.3"
"815","The Souvenir: Part II（原題）","-","164","-"
"816","マリアの旅","79","85","3.5"
"817","いけいけ！バカオンナ～我が道を行け～","61","102","3.5"
"818","結婚は慎重に！","61","102","3.5"
"819","土と血","106","56","2.9"
"820","Valley Girl（原題）","6","156","2.4"
"821","ファミリー・クライム <U+2013>ある家族の過ち<U+2013>","103","56","3.5"
"822","感謝離 ずっと一緒に","35","120","3.7"
"823","Come Away（原題）","7","147","2.7"
"824","足を探して","50","104","3.5"
"825","ゴーカーツ","121","32","3.5"
"826","殻を破る","125","28","3.8"
"827","シントイア・ブラウン: 裁きと赦し","107","45","3.5"
"828","ストレンジ・ワールド　異世界への招待状","100","51","2.0"
"829","映画　ねこねこ日本史　龍馬のはちゃめちゃタイムトラベルぜよ！","62","86","3.2"
"830","機械仕掛けの君","70","77","3.1"
"831","Visit（英題）","82","65","3.7"
"832","Made in Italy（原題）","3","144","2.0"
"833","ペーパー・ハウス: 人気の秘密に迫る","94","52","3.9"
"834","ラヴ・アフェアズ","46","99","3.5"
"835","強がりカポナータ","38","104","4.0"
"836","愛しの故郷","22","119","3.4"
"837","Lost Girls and Love Hotels（原題）","4","136","2.7"
"838","My Salinger Year（原題）","2","137","2.5"
"839","「宇宙戦艦ヤマト」という時代　西暦2202年の選択","2","135","4.7"
"840","Psycho Goreman（原題）","8","129","3.9"
"841","劇場版 声優男子ですが・・・？ ～これからの声優人生の話をしよう～","12","123","3.6"
"842","The Best Is Yet To Come（英題）","27","108","3.8"
"843","Pixie（原題）","3","131","2.6"
"844","ライジング・ハイ","78","55","3.0"
"845","ある職場／些細なこだわり","28","105","3.5"
"846","チャンケ：よそ者","48","85","3.7"
"847","チンパンジー属","65","67","3.3"
"848","バイバイ、ヴァンプ","35","96","1.8"
"849","屋根裏の巳已己","71","60","4.1"
"850","スプリンパン　まえへすすもう！","111","20","2.8"
"851","生きる、理屈","26","105","3.7"
"852","THE ORAL CIGARETTES「PARASITE DEJAVU THE MOVIE」 Live Documentary 纏繞の光景","84","47","4.8"
"853","ドラゴンハート -明日への希望-","37","93","2.6"
"854","HERO～2020～","21","108","2.8"
"855","The Empty Man（原題）","2","126","1.5"
"856","The Secrets We Keep（原題）","4","123","2.6"
"857","Songbird（原題）","2","125","2.5"
"858","シン・ランペイジ 巨獣大決戦","73","53","2.3"
"859","リスタート","-","125","-"
"860","Showtime（原題）","-","125","-"
"861","Unpregnant（原題）","9","116","3.3"
"862","アナザー・ワールド 異次元の怪物","48","76","3.0"
"863","Le Cerveau - セルヴォ -","117","7","2.2"
"864","そそがれ","62","62","3.2"
"865","モラル・オーダー","58","66","3.4"
"866","スモーキー・アンド・ビター","3","120","5.0"
"867","グリザイア：ファントムトリガー THE ANIMATION スターゲイザー","54","69","3.7"
"868","ミセス・シリアルキラー","64","59","2.9"
"869","大綱引の恋","16","107","3.5"
"870","スピードキューバーズ: 世界を見据えて","86","37","3.7"
"871","Downhill（原題）","21","101","2.7"
"872","An American Pickle（原題）","13","109","2.8"
"873","恐怖のアンソロジー","83","38","2.5"
"874","スレート","62","59","3.2"
"875","リバー","7","112","2.5"
"876","兎たちの暴走","47","72","3.5"
"877","TOKYOドラゴン飯店","18","99","3.1"
"878","ノットゥルノ／夜","68","49","3.2"
"879","ゴッドマザー","18","99","3.2"
"880","白爪草","62","54","4.1"
"881","アルマゲドン2020","48","67","1.6"
"882","オマールの父","71","44","3.4"
"883","フェイス・ベースド ダメ男ふたりが人生で一発逆転する方法","14","100","3.0"
"884","The Policeman's Lineage（英題）","2","111","3.6"
"885","赦し","59","54","3.2"
"886","Zola（原題）","1","112","4.0"
"887","劇場版HAYABUSA２～REBORN","25","87","3.8"
"888","フィン","61","50","4.1"
"889","愛しい存在","58","53","3.4"
"890","オロトゥーレ","95","15","3.4"
"891","ソル・レヴァンテ","98","12","2.9"
"892","ホワイトシャーク　海底の白い死神","63","46","2.2"
"893","遺灰との旅","62","46","3.3"
"894","はぐれアイドル 地獄変","17","90","3.3"
"895","The Call（原題）","48","58","3.5"
"896","突然失礼致します！","31","74","4.3"
"897","生きている","88","17","3.2"
"898","辰巳","-","104","-"
"899","Wendy（原題）","8","96","3.7"
"900","昨日より赤く明日より<U+2ED8>く-CINEMA FIGHTERS project-","-","103","-"
"901","二月","57","46","3.4"
"902","Mogul Mowgli（原題）","8","95","4.0"
"903","ザ・シックス・ビリオン・ダラー・マン（原題）","-","102","-"
"904","もとめたせい","53","47","3.7"
"905","鈴木さん","28","72","3.4"
"906","第一炉香","29","71","3.6"
"907","コロナウイルス　感染者","41","58","2.0"
"908","へんしんっ！","49","49","3.8"
"909","人生はあるがままに","73","25","3.2"
"910","父、兵士、その息子","56","42","4.0"
"911","ハピネスは続く：ジョナス・ブラザーズ コンサート","50","48","4.0"
"912","悪の絵","50","48","3.2"
"913","アンダーワールド 新種襲来","60","37","1.9"
"914","エクスペリメント・アット・セントレオナルズ女子刑務所","50","46","2.4"
"915","She Dies Tomorrow（原題）","10","86","2.9"
"916","君の視線が止まる先に","52","44","3.6"
"917","コケシ・セレナーデ","16","79","3.5"
"918","狭霧の國","31","64","3.4"
"919","La France contre les robots（原題）","74","21","3.5"
"920","ファン・ガール","38","57","3.0"
"921","恋唄1980","46","48","3.2"
"922","宇宙戦艦ヤマト2205 新たなる旅立ち","-","93","-"
"923","The Salt of Tears（英題）","6","87","2.9"
"924","The Broken Hearts Gallery（原題）","9","84","3.4"
"925","Don't Tell A Soul（原題）","1","92","3.0"
"926","吉祥寺ゴーゴー","26","66","3.7"
"927","デッドヒート","19","72","2.3"
"928","恋の墓","21","70","3.4"
"929","ヤルタ会談オンライン","42","49","2.9"
"930","Siberia（原題）","3","88","2.3"
"931","ディープロジック","24","66","3.6"
"932","ムチノセカイ","27","63","3.6"
"933","平静","43","47","2.7"
"934","閉じ込めた吐息","1","88","-"
"935","シークレット・ウォー　ナチス極秘計画","44","44","2.6"
"936","ボディカメラ","44","44","2.8"
"937","ダンシング・マリー","4","84","-"
"938","folklore ロングポンド・スタジオ・セッション","56","32","4.2"
"939","Dear Santa（原題）","2","86","-"
"940","ドリー・パートンのクリスマス・オン・ザ・スクエア","51","35","3.2"
"941","再会の奈良","10","76","3.4"
"942","アフター・ラヴ","32","54","3.8"
"943","Winny","-","85","-"
"944","ムーラン 美しき英雄","30","54","2.4"
"945","ムーラン　戦場の花","52","32","2.5"
"946","劇場版ほんとうにあった怖い話2020 呪われた家","20","64","2.1"
"947","マスカ ～夢と幸せの味～","50","34","3.5"
"948","イエローキャット","50","33","3.6"
"949","普通に死ぬ　いのちの自立","9","73","3.8"
"950","現在地はいづくなりや　映画監督東陽一","13","68","3.8"
"951","DNA（英題）","1","80","2.0"
"952","アラヤ","39","42","3.2"
"953","シングル・フレンズ ～そんな恋愛やめちゃえば?～","70","10","2.9"
"954","Love, Weddings & Other Disasters（原題）","-","79","-"
"955","デート・ア・バレット　ナイトメア・オア・クイーン","12","66","3.2"
"956","ハチとパルマの物語","-","78","-"
"957","迂闊な犯罪","43","35","3.5"
"958","やむなきこと","60","17","2.7"
"959","スウェット","43","33","3.1"
"960","デイ・オブ・ザ・ロード","55","21","2.8"
"961","The Stand In（原題）","2","74","-"
"962","メビウスの悪女 赤い部屋","21","54","3.1"
"963","もしもあたしたちがサイサイじゃなかったら。","8","67","3.5"
"964","劇場版 ヨナス・カウフマン ウィーンコンサート","14","61","3.9"
"965","move / 2020","39","36","2.9"
"966","まるだせ金太狼","19","55","2.3"
"967","アルム","41","33","3.9"
"968","Le prince oublie（原題）","1","73","3.5"
"969","異物","2","72","-"
"970","エイリアン・Xマス","40","33","3.2"
"971","Summerland（原題）","8","64","3.6"
"972","アルティメット・ソルジャー","33","38","2.1"
"973","タネは誰のもの","15","56","3.9"
"974","The Trip to Greece（原題）","14","57","3.0"
"975","思い出たち","59","12","3.4"
"976","ディメンション","43","27","2.6"
"977","Challenged チャレンジド","23","47","3.6"
"978","Death of Me（原題）","8","62","2.1"
"979","City Hall（原題）","1","69","-"
"980","やわらかい季節","33","36","3.2"
"981","蛾の光","33","36","2.8"
"982","照射されたものたち","41","28","3.3"
"983","クイーンギャング 怒りのリベンジ・ライド","29","39","2.0"
"984","とってもゴースト","11","57","1.0"
"985","冬のほつれまで","50","18","3.4"
"986","Pig（原題）","-","68","-"
"987","Connected（原題）","-","68","-"
"988","メグ・ライオン","21","46","3.0"
"989","Canvas（原題）","60","7","3.2"
"990","WAVE!! サーフィンやっぺ!!　第一章","19","47","3.5"
"991","ジャパニーズ スタイル Japanese Style","-","66","-"
"992","Titane（原題）","-","66","-"
"993","制作・出演陣が語るボーイズ・イン・ザ・バンド","34","32","3.6"
"994","親知らず","42","23","3.3"
"995","のびた関係","48","17","3.8"
"996","HITOMA","57","8","3.4"
"997","Wander Darkly（原題）","2","63","3.9"
"998","ドリーム・ビルダーズ ミナと秘密の夢工場","27","37","3.2"
"999","Fatima（原題）","5","59","3.4"
"1000","それいけ！アンパンマン　ふわふわフワリ―と雲の国","2","62","-"
"1001","ヒロシマ・ナガサキ：75年前の真実","45","19","3.1"
"1002","How to Be a Good Wife（英題）","1","63","3.5"
"1003","いちご飴","54","10","3.1"
"1004","音楽家","54","10","3.3"
"1005","One Second（英題）","8","55","3.5"
"1006","Chhapaak（原題）","-","63","-"
"1007","遠上恵未(24)","41","21","3.4"
"1008","シネマ歌舞伎 廓文章　吉田屋","48","14","4.0"
"1009","Showbiz Kids（原題）","1","61","3.5"
"1010","家庭裁判所　第3H法廷","35","27","3.3"
"1011","隔離","43","19","3.2"
"1012","Target Number One（原題）","1","61","3.0"
"1013","適応","1","61","-"
"1014","応天門の変","8","53","2.3"
"1015","モスキート","26","35","3.5"
"1016","祭りの後は祭りの前","9","51","4.4"
"1017","Elyse（原題）","-","60","-"
"1018","残光に祈りを","37","22","3.6"
"1019","Funny Face（原題）","1","58","3.1"
"1020","The Swordsman（英題）","5","54","4.1"
"1021","Dawn","44","15","3.2"
"1022","キャプテン・プードル","19","39","3.4"
"1023","ハイファの夜","37","21","3.0"
"1024","息がつまりそう","32","25","2.9"
"1025","アカリとマキコ","51","6","3.4"
"1026","ハカイ団の野望 悲劇！オンライン会議の結末","50","7","3.1"
"1027","The Postcard Killings（原題）","1","55","1.5"
"1028","ブルーヘブンを君に","-","56","-"
"1029","悠久の地、サッカラ遺跡: 眩き時代を語る","44","12","3.8"
"1030","The Host（原題）","3","53","2.7"
"1031","Miss Juneteenth（原題）","6","50","3.7"
"1032","Sumo（原題）","-","56","-"
"1033","岸辺","49","7","3.1"
"1034","頭痛が痛い","32","23","3.9"
"1035","荒れ地","30","25","3.5"
"1036","Archenemy（原題）","1","54","4.0"
"1037","傍観者あるいは偶然のテロリスト","10","44","3.8"
"1038","Arkansas（原題）","7","47","2.4"
"1039","でぃすたんす","5","49","3.8"
"1040","ライジング・フェニックス　パラリンピックと人間の可能性","32","22","4.2"
"1041","Kill It and Leave This Town（原題）","11","43","3.5"
"1042","一本のワイン","35","19","2.7"
"1043","Girl（原題）","-","54","-"
"1044","映画　きかんしゃトーマス　チャオ！とんでうたってディスカバリー!!","29","24","2.8"
"1045","2067（原題）","8","45","2.4"
"1046","バージン協奏曲 それゆけ純白パンツ！","10","43","3.1"
"1047","帰ってきたアメリカン・パイ ~アゲアゲJKニュー・ジェネレーション~","21","32","2.8"
"1048","High Ground（原題）","1","52","3.0"
"1049","Beginning（原題）","2","51","4.5"
"1050","たわわなときめき","13","39","3.5"
"1051","ブラック・リッジ","1","51","2.1"
"1052","孤独の夜","25","27","3.1"
"1053","ムカチノカチカ","26","26","4.0"
"1054","コーンフレーク","31","21","3.8"
"1055","ファイヤーボール　宇宙からの来訪者","13","39","3.2"
"1056","Persian Lessons（原題）","2","50","3.6"
"1057","私のママでいる","38","14","3.1"
"1058","Echo Boomers（原題）","-","52","-"
"1059","新青春","21","30","3.6"
"1060","トマトは大嫌い","48","3","2.8"
"1061","Think Like a Dog（原題）","8","43","3.1"
"1062","Wander（原題）","1","50","-"
"1063","マジック・ワールド ビーストと闇の支配者","27","23","2.3"
"1064","ドラマクイーン　フルコーラス","38","12","2.6"
"1065","ランニング・デッド／THE RUNNING DEAD","28","22","2.6"
"1066","ぼくだけの宿題","35","15","3.5"
"1067","プレイヤー ～浮気男のラプソディ～","39","11","2.9"
"1068","きっと大丈夫","21","29","3.8"
"1069","ダイナソ―・デイナ","23","26","2.7"
"1070","チャイニーズ・ゴースト・ストーリー","12","37","3.3"
"1071","奇跡との出会い。―心に寄り添う。３―","17","32","4.2"
"1072","FRIDAY","9","40","3.5"
"1073","Infamous（原題）","3","46","2.3"
"1074","The Windermere Children（原題）","4","45","4.2"
"1075","The Evening Hour（原題）","1","48","3.5"
"1076","マリブ・レスキューチーム: ネクストウェーブ","44","5","3.0"
"1077","The Disciple（原題）","2","47","3.5"
"1078","アネルカ: 天才プレーヤーの素顔","39","10","3.7"
"1079","ティティ","21","28","3.2"
"1080","サヴェージＸフェンティ･ショー２","34","15","4.1"
"1081","Sister","35","13","3.6"
"1082","Fear of missing out","33","15","3.4"
"1083","West End Girls","35","13","3.3"
"1084","タイガーハンター　水滸外伝","22","25","3.5"
"1085","りさいくるずー　まもれ！もくようびは資源ごみの日","38","9","3.0"
"1086","蛋ヶ岳学会事件","34","13","2.7"
"1087","フィアレス　スーパー・ベイビーズに立ち向かえ！","15","32","2.9"
"1088","父親募集中","36","11","3.2"
"1089","レジェンド・オブ・キングダム 勇者マイロックと聖なる甲冑の伝説","37","9","1.7"
"1090","パンク","31","15","3.2"
"1091","じょりく!","5","40","1.2"
"1092","アスタースクールデイズ","33","12","3.6"
"1093","辻占恋慕","-","45","-"
"1094","M!LK Juvenilizm 青春主義 Special Short Film","16","29","4.2"
"1095","2 Hearts（原題）","1","44","3.4"
"1096","シリアスな男たち","29","16","3.3"
"1097","ルーナのために","40","5","3.3"
"1098","Good Neighbor(英題）","5","40","3.3"
"1099","タヌキ計画","29","15","3.5"
"1100","モンスターランナー 怪物大戦争","-","44","-"
"1101","ROUTINE","9","35","4.1"
"1102","愛で家族に　同性婚への道のり","22","22","3.7"
"1103","The Hoarding（原題）","1","43","-"
"1104","The Owners（原題）","6","37","2.4"
"1105","What About Love（原題）","-","43","-"
"1106","Four Good Days（原題）","1","42","3.6"
"1107","Dil Bechara（原題）","1","42","3.6"
"1108","レガシー・オブ・ライズ","25","17","2.6"
"1109","縁側ラヴァーズ","9","33","2.8"
"1110","最短距離は回りくどくて、　落花流水","4","38","3.8"
"1111","劇場版　田園ボーイズ","8","34","3.0"
"1112","橘アヤコは見られたい","21","21","3.6"
"1113","ミュージカル「刀剣乱舞」　歌合　乱舞狂乱 2019 4DX","12","30","4.3"
"1114","The Eight Hundred（英題）","4","38","3.5"
"1115","デッド・フラワーズ","13","29","-"
"1116","Fatale（原題）","2","40","3.6"
"1117","アスファルト・バーニング","29","13","3.1"
"1118","The Bay of Silence（原題）","2","40","3.4"
"1119","ドッキング！","26","15","3.2"
"1120","LUGINSKY","29","12","3.5"
"1121","メコン2030","20","21","3.0"
"1122","ギニーとサニーの結婚","26","15","3.4"
"1123","クラウディア・キシ倶楽部","32","9","3.7"
"1124","TUBE チューブ　死の脱出","2","39","2.8"
"1125","青い蜜の香り","10","30","3.0"
"1126","Bad Tales（英題）","2","38","-"
"1127","Rebuilding Paradise（原題）","5","35","3.8"
"1128","光をとめる","31","9","3.6"
"1129","SINKHOLE（英題）","-","40","-"
"1130","Zappa（原題）","1","39","3.8"
"1131","The day i died : unclosed case(英題）","9","31","3.4"
"1132","POP！","-","40","-"
"1133","Rogue（原題）","6","33","2.7"
"1134","結びの島","8","31","2.8"
"1135","キラー・テナント","15","24","3.5"
"1136","霞姫霊異記","28","11","3.5"
"1137","Future is MINE - アイヌ、私の声 -","20","19","3.5"
"1138","零世紀 エメラルダス","-","38","-"
"1139","ジュエルペット あたっくとらべる！","-","38","-"
"1140","デート・ア・バレット　デッド・オア・バレット","16","21","3.3"
"1141","WAVE!! サーフィンやっぺ!!　第二章","14","23","2.8"
"1142","怪談新耳袋 Gメン 2020","12","25","3.3"
"1143","Hidden Away（英題）","1","36","3.8"
"1144","Berlin Alexanderplatz（原題）","8","29","3.7"
"1145","Hard Kill（原題）","5","32","1.7"
"1146","A Good Man（原題）","1","36","3.7"
"1147","マイエクササイズ","25","12","3.5"
"1148","S.A.S.特殊空挺部隊 史上最悪の極秘空輸ミッション","11","25","2.8"
"1149","はるかのとびら","25","11","3.0"
"1150","追憶と槌","26","10","2.8"
"1151","The Quarry（原題）","1","35","3.0"
"1152","ハンナ・ギャズビーのダグラスに捧ぐ","26","10","4.3"
"1153","The Intruder（英題）","2","34","2.8"
"1154","Dead Reckoning（原題）","-","36","-"
"1155","マライア・キャリー　マジカル クリスマス スペシャル","14","22","2.7"
"1156","Three Sisters（英題）","-","36","-"
"1157","大きい女の子は好きですか？","10","25","2.0"
"1158","青の生徒会 参る！ season1 花咲く男子たちのかげに","7","28","2.3"
"1159","One of These Days（原題）","2","33","3.7"
"1160","Padre Nostro（原題）","1","34","4.0"
"1161","The Dark And The Wicked（原題）","8","27","3.2"
"1162","Chick Fight（原題）","1","34","2.5"
"1163","未亡人","26","8","3.6"
"1164","凱歌","6","28","3.9"
"1165","アブノーマル・ロデオ・ブルース","9","25","3.2"
"1166","Angrezi Medium（原題）","1","33","3.2"
"1167","劇場版　忍者じゃじゃ丸くん","12","21","3.2"
"1168","Guilty: 不実の代償","19","14","2.9"
"1169","ソリクン（仮）","17","16","3.6"
"1170","Gunda（原題）","-","33","-"
"1171","バッド・プレジデン ト 悪魔に魂を売った??大統領","9","24","2.9"
"1172","The Painter and the Thief（原題）","2","31","4.0"
"1173","More than Family(英題）","4","29","2.6"
"1174","三国志　周瑜と孫策","13","19","2.7"
"1175","二人小町","-","32","-"
"1176","Light・Walk","27","5","2.7"
"1177","ミスりんご","24","8","3.4"
"1178","されど吉祥とする","8","24","3.5"
"1179","Summertime（原題）","3","29","3.8"
"1180","シャフリヤールの昼と夜","5","27","4.5"
"1181","The Dissident（原題）","3","29","4.4"
"1182","Friendsgiving（原題）","-","32","-"
"1183","Critical Thinking（原題）","1","31","5.0"
"1184","カミヤ・モブリー -私の母は誘拐犯-","29","3","3.0"
"1185","Firemen（英題）","-","32","-"
"1186","WAVE!! サーフィンやっぺ!!　第三章","11","20","3.3"
"1187","サマショール 遺言　第6章","8","23","3.7"
"1188","The Rescue（英題）","1","30","3.0"
"1189","The Very Excellent Mr. Dundee（原題）","-","31","-"
"1190","ほんとにあった！呪いのビデオ 87","26","4","2.5"
"1191","縁側ラヴァーズ2","5","25","2.7"
"1192","ねばぎば　新世界","1","29","-"
"1193","闇に棲むもの","24","6","1.7"
"1194","The Pale Door（原題）","3","27","2.3"
"1195","飛んだ視線","26","4","3.2"
"1196","義理の姉妹","23","7","3.5"
"1197","Point and Line to Plane（原題）","3","27","4.3"
"1198","エージェント：カッター　暴走特急","21","8","2.0"
"1199","Charter（原題）","2","27","3.5"
"1200","Farewell Amor（原題）","6","23","3.1"
"1201","夏日春風","22","7","3.2"
"1202","ビボス　奪われた未来","14","15","3.7"
"1203","クラス '83","22","7","3.1"
"1204","漆黒の井戸の底から","23","6","2.3"
"1205","忘れたフリをして","20","9","4.1"
"1206","Bloody Nose, Empty Pockets（原題）","2","27","4.0"
"1207","猫と塩、または砂糖","3","26","-"
"1208","Diva (英題）","1","28","-"
"1209","Dominion（原題）","-","29","-"
"1210","さよなら2020年","16","13","3.6"
"1211","レディ・ヒットマン","15","13","1.1"
"1212","パンデミック・ハウス","8","20","2.0"
"1213","Monsters of Man（原題）","9","19","3.3"
"1214","此処に住むの素敵","14","14","3.8"
"1215","Debt Collectors（原題）","16","12","3.2"
"1216","明日への片道切符","18","10","3.6"
"1217","彼女の告発","16","12","3.6"
"1218","Baaghi 3（原題）","1","27","4.0"
"1219","Charm City Kings（英題）","3","25","2.9"
"1220","Walkaway Joe（原題）","1","27","1.9"
"1221","マイルストーン","20","8","3.5"
"1222","ムーチョ・ムーチョ・アモール: カリスマ占星術師ウォルター・メルカド","18","10","3.6"
"1223","ジュラシック・アイランド","19","8","2.0"
"1224","揉めよドラゴン　爆乳死亡遊戯","9","18","3.5"
"1225","たまには、大きな声で","11","16","2.7"
"1226","ワイルドグラス","9","18","3.4"
"1227","18 regali（原題）","9","18","3.5"
"1228","The Lost Husband（原題）","5","22","3.1"
"1229","12 Hour Shift（原題）","4","23","2.2"
"1230","Books of Blood（原題）","2","25","1.7"
"1231","ダンスに夢乗せて: ホットチョコレート・ナッツクラッカー","18","9","3.9"
"1232","愛のくだらない","9","18","4.1"
"1233","日本統一38","21","5","3.7"
"1234","地元ピース！ 幻想ドライビング","15","11","3.8"
"1235","Bad Trip（原題）","7","19","3.9"
"1236","スウィング・オブ・シングス","3","23","2.3"
"1237","ピート・デヴィッドソンのNYから生""存""放送","22","4","3.5"
"1238","DEEMO THE MOVIE","-","26","-"
"1239","ある役者達の風景","-","26","-"
"1240","ザ・ラーバ・アイランド・ムービー","22","4","2.8"
"1241","Spaceship Earth（原題）","1","25","5.0"
"1242","Miss Marx（原題）","-","26","-"
"1243","ゾンビーズ・フロム・セクター9","20","6","2.9"
"1244","Nowhere Special（原題）","2","24","3.7"
"1245","ディア・スナイパー","5","20","2.5"
"1246","レイディオ","18","7","3.0"
"1247","Dream Horse（原題）","1","24","3.5"
"1248","そこからの光　未来の私から私へ","8","17","3.3"
"1249","雨の方舟","15","10","2.4"
"1250","Son of the South（原題）","-","25","-"
"1251","パブリック・トラスト","-","25","-"
"1252","日本統一40","15","9","3.8"
"1253","ほんとにあった！呪いのビデオ 88","20","4","2.4"
"1254","Malmkrog（原題）","1","23","2.0"
"1255","ほんとにあった！呪いのビデオ BEST OF BEST","12","12","2.8"
"1256","サイコウノバカヤロウ　青森純情編","10","14","2.7"
"1257","Dinner in America（原題）","1","23","4.0"
"1258","Female","18","6","3.3"
"1259","スペリング・ビーへの挑戦","14","10","3.4"
"1260","女優たち","1","23","5.0"
"1261","I Used to Go Here（原題）","-","24","-"
"1262","トップガンナー","13","10","2.1"
"1263","レジェンド・オブ・ヒドゥンタウン～隠市奇聞録～","14","9","2.7"
"1264","ディストリクト－Ｘ","13","10","1.8"
"1265","影と呼ばれた男たち3","2","21","-"
"1266","眠れる森のミチコ","8","15","3.9"
"1267","おっさんとわたし","4","19","3.3"
"1268","見上げた空とマスク","3","20","3.4"
"1269","Kay","-","23","-"
"1270","ピアノマン","14","9","2.6"
"1271","STAND WITH HK","14","9","4.1"
"1272","短篇集 さりゆくもの","-","23","-"
"1273","織田同志会・織田征仁","8","14","4.2"
"1274","ソタイ～組織犯罪対策部vs反社会勢力～","4","18","3.5"
"1275","影と呼ばれた男たち4","2","20","-"
"1276","トッコ・ビンはアップデート中","6","16","1.9"
"1277","アワー・アワー わたしたちの時間","13","9","4.2"
"1278","Hunter Hunter（原題）","2","20","3.2"
"1279","Our Season（英題）","-","22","-"
"1280","ヴィール・ダースのインド、それもこれも","9","13","3.9"
"1281","The 2nd（原題）","7","15","2.9"
"1282","A Nice Girl Like You（原題）","5","17","2.7"
"1283","Beauty Water（英題）","8","14","3.2"
"1284","10年、渋谷をさ迷って A decade of roaming","-","22","-"
"1285","Max Cloud（原題）","-","22","-"
"1286","光の輪郭と踊るダンス","-","22","-"
"1287","日本統一外伝~山崎一門~","14","7","3.6"
"1288","ほんとにあった！呪いのビデオ 89","18","3","2.1"
"1289","アフガン・クライシス","16","5","2.1"
"1290","トライアングルな夜","8","13","3.3"
"1291","ククリレイジュ 三星堆伝奇","-","21","-"
"1292","The Big Ugly（原題）","-","21","-"
"1293","Lazy Susan（原題）","2","19","2.6"
"1294","Save Yourselves!（原題）","2","19","3.0"
"1295","Hanukkah（原題）","1","20","1.2"
"1296","あらののはて","12","9","3.3"
"1297","マジック・スクール・バス: 宇宙ステーションへGO!","-","21","-"
"1298","デニス・ホー　ビカミング・ザ・ソング","12","9","4.2"
"1299","Shark Encounters Of The Third Kind（原題）","-","21","-"
"1300","ワイルド・ブレイク","5","15","2.2"
"1301","Mr.&Mrs.スパイ G","2","18","2.6"
"1302","闇動画24","17","3","3.1"
"1303","ただ傍にいるだけで","4","16","3.5"
"1304","ワンス・アポン・ア・タイム・イン・ベネズエラ","11","9","4.0"
"1305","Malasana 32（原題）","2","18","3.4"
"1306","今宵、奇跡の起きる温泉で。","5","15","3.0"
"1307","ジャスティス・リーグ:ダーク アポコリプス・ウォー","4","16","4.4"
"1308","ジャン・ズーヤー：神々の伝説","7","13","3.2"
"1309","Torbaaz（原題）","9","11","4.0"
"1310","Oh! My Gran（英題）","8","12","3.6"
"1311","Quo vadis, Aida?（原題）","5","15","3.9"
"1312","同級生マイナス","1","19","-"
"1313","7リミット・キルズ","8","11","2.8"
"1314","いつか 裏切りは雌の顔","3","16","3.1"
"1315","Police（原題）","-","19","-"
"1316","The Last Shift（原題）","1","18","3.5"
"1317","ディズニーネイチャーゾウの足跡を追って","13","6","3.6"
"1318","ニャンてこと!","15","4","3.7"
"1319","浅草花やしき探偵物語　神の子は傷ついて","6","13","3.5"
"1320","映画版『清掃する女』","6","13","3.6"
"1321","When the fog clears 霧が晴れるとき","-","19","-"
"1322","Hysteric Betty","11","8","2.8"
"1323","日本統一39","14","4","4.0"
"1324","アカデミー・オブ・マジック　オーラと魔法学校の秘密","7","11","2.9"
"1325","クリアショット","8","10","1.8"
"1326","西遊記　孫悟空vsスパイダー・ウーマン","2","16","2.6"
"1327","ボリショイ・バレエ in シネマ Season 2019-2020 「白鳥の湖」","10","8","4.1"
"1328","劇場公開版 eastern youth 日比谷野外大音楽堂公演 2019.9.28","11","7","3.7"
"1329","My Little Sister（英題）","3","15","2.7"
"1330","Tanhaji: The Unsung Warrior（原題）","5","13","4.3"
"1331","De Gaulle（原題）","3","15","3.1"
"1332","The Killing of Two Lovers（原題）","2","16","3.6"
"1333","ディズニーネイチャー 知られざるイルカの世界","15","3","4.0"
"1334","バットマン：デス・イン・ザ・ファミリー","5","13","2.4"
"1335","The Ties（英題）","1","17","3.3"
"1336","日本統一41","8","9","3.8"
"1337","モンブランの女","7","10","3.6"
"1338","ほんとにあった！呪いのビデオ 90","15","2","2.6"
"1339","カルメン・サンディエゴ: 運命のミッション","9","8","3.2"
"1340","Lyod 2（原題）","2","15","3.5"
"1341","Uppercase Print（英題）","2","15","5.0"
"1342","I Carry You With Me（原題）","1","16","4.0"
"1343","Nadia, Butterfly（原題）","1","16","4.5"
"1344","ウィール・オブ・フェイト～映画『無法松の一生』をめぐる数奇な運命～","9","8","3.8"
"1345","Und morgen die ganze Welt（原題）","2","15","2.9"
"1346","ブルース・スプリングスティーン Letter to You","9","8","3.6"
"1347","マジック・スクール・バス: 3人のフリズル先生","-","17","-"
"1348","淀川アジール　さどヤンの生活と意見","11","6","3.5"
"1349","The Hunt（原題）","-","16","-"
"1350","レベッカ","8","8","3.7"
"1351","雀色の永訣","6","10","4.9"
"1352","RUN BOY RUN（英題）","2","14","3.8"
"1353","リホーム　血祭り伝説","12","4","3.3"
"1354","Street Dancer 3D（原題）","3","13","3.8"
"1355","Stump the Guesser（原題）","4","12","2.4"
"1356","The Alien（英題）","-","16","-"
"1357","ロブ・シュナイダーのママはアジアン、子はメキシカン","6","10","3.3"
"1358","What We Found（原題）","-","16","-"
"1359","化身","12","4","3.4"
"1360","アルター・ミー: 心に耳を傾けて","13","3","2.6"
"1361","孫悟空 vs 猪八戒","-","16","-"
"1362","ケヴィン・ハートのもう知らねえ!","5","11","3.8"
"1363","ショーン・メンデス: ライブ・イン・コンサート","12","4","4.5"
"1364","レジェンド・オブ・ヒドゥンタウン～妖舞炎奇譚～","3","12","-"
"1365","最短距離は回りくどくて、　雨とソーダ水","5","10","3.6"
"1366","ボリショイ・バレエ in シネマ Season 2019-2020 「ジゼル」","6","9","3.8"
"1367","Servants（英題）","2","13","3.5"
"1368","アナ・ザ・ワールド","-","15","-"
"1369","Legionnaire's Trail（原題）","1","14","1.7"
"1370","グルグル・ゴキル ～はちゃめちゃ教師～","11","4","3.9"
"1371","On the Record（原題）","3","12","4.1"
"1372","Emperor（原題）","-","15","-"
"1373","Never Gonna Snow Again（原題）","2","13","4.0"
"1374","思い出の家","9","6","3.5"
"1375","Smiley Face Killers（原題）","-","15","-"
"1376","Half Brothers（原題）","2","13","3.3"
"1377","薄明りのパレード","2","13","3.7"
"1378","Shakespeare's Sh*tstorm（原題）","-","15","-"
"1379","Shithouse（原題）","1","14","2.3"
"1380","若妻たちの午後 秘蜜DELUXE","3","11","2.8"
"1381","日本統一外伝~山崎一門2~","10","4","3.1"
"1382","権力の階段～総理への道～","5","9","2.9"
"1383","野良猫とパパ活","9","5","2.7"
"1384","魔女","6","8","3.3"
"1385","グレー・ゾーン","-","14","-"
"1386","闇動画25","12","2","3.7"
"1387","One Night in Bangkok（原題）","4","10","2.8"
"1388","ホラーちゃんねる 関西版","2","12","1.5"
"1389","Schwarze Milch（原題）","1","13","2.0"
"1390","Corona Zombies（原題）","5","9","1.2"
"1391","ルーツ～ヤマトとユダヤが手を合わすとき～","-","14","-"
"1392","Sulphur and White（原題）","-","14","-"
"1393","アクセプト","9","5","3.1"
"1394","Giving Voice（原題）","6","8","3.3"
"1395","Spell（原題）","3","11","3.5"
"1396","ブレイク・タウン","-","14","-"
"1397","プラス・ワン","4","10","3.6"
"1398","アポトーシス","-","14","-"
"1399","泣いたことがないなんて、嘘つきめ","-","14","-"
"1400","メガネっ娘 任侠伝","2","11","3.0"
"1401","やさしい男　インターナショナル・バージョン","5","8","2.7"
"1402","Love Aaj Kal（原題）","2","11","4.0"
"1403","レスリー・ジョーンズのタイムマシン","4","9","3.5"
"1404","Pattas（原題）","4","9","3.6"
"1405","エリック・アンドレの何デモかんでも合法化","11","2","3.2"
"1406","TEST","9","4","2.1"
"1407","ベルスーズ","9","4","2.8"
"1408","レイラは永遠に","5","8","2.6"
"1409","オープン・マリッジ 新しい夫婦生活","2","10","2.6"
"1410","トライバル　ゲット・アウト・アライブ","3","9","2.9"
"1411","権力の階段~総理への道~2","3","9","3.9"
"1412","クローゼット","3","9","3.0"
"1413","Adu（原題）","6","6","3.6"
"1414","Hotel Inferno 3: The Castle of Screams（原題）","-","12","-"
"1415","Kokon（原題）","3","9","3.5"
"1416","Horizon Line（原題）","3","9","3.4"
"1417","鬼才監督","7","5","3.0"
"1418","狂のぶ","6","6","3.5"
"1419","Triggered（原題）","2","10","3.1"
"1420","Calamity, a Childhood of Martha Jane Cannary（英題）","2","10","3.8"
"1421","ハデス","6","6","2.0"
"1422","Embattled（原題）","1","11","2.3"
"1423","どすこい すしずもう","1","11","3.0"
"1424","What Lies Below（原題）","1","11","3.0"
"1425","川","1","11","-"
"1426","Preparations to Be Together for an Unknown Period of Time（英題）","3","9","3.6"
"1427","Sister of the Groom（原題）","-","12","-"
"1428","Betrayed（英題）","-","12","-"
"1429","Rams（原題）","-","12","-"
"1430","ネトラレ　ある夫婦の行動学","2","9","-"
"1431","HERO DOCUMENTARY FILM","3","8","3.7"
"1432","Exil（英題）","1","10","-"
"1433","2020年 東京。12<U+2F08>の役者たち","1","10","4.2"
"1434","Malang（原題）","4","7","3.5"
"1435","Panga（原題）","-","11","-"
"1436","10 jours sans maman（原題）","-","11","-"
"1437","「二人の世界」","3","8","5.0"
"1438","Isabella（原題）","1","10","-"
"1439","As Above So Below（英題）","4","7","4.2"
"1440","How to Disappear（原題）","8","3","3.5"
"1441","B／B","9","2","3.3"
"1442","Hosts（原題）","2","9","2.6"
"1443","Dismembered（原題）","4","7","3.5"
"1444","Spring Blossom（英題）","1","10","2.8"
"1445","ベルリン、ベルリン ～人生はノンストップ!～","5","6","2.0"
"1446","American Fighter（原題）","-","11","-"
"1447","カムバック","7","4","2.6"
"1448","Miss Fisher and the Crypt of Tears（原題）","1","10","2.9"
"1449","映画 きかんしゃトーマス おいでよ!未来の発明ショー!","-","11","-"
"1450","ジャック・ホワイトホールのただの冗談なんだけど","11","-","4.0"
"1451","15の夏","11","-","3.5"
"1452","ロスト・イン・ロシア","5","6","4.2"
"1453","Full Out 2: You Got This!（原題）","9","2","3.1"
"1454","リビングの女王","2","9","3.5"
"1455","極王4","2","8","-"
"1456","アイドルスナイパー THE MOVIE","1","9","-"
"1457","私だってするんです1","-","10","-"
"1458","MISSION IN B.A.C. THE MOVIE","1","9","-"
"1459","Guest House（原題）","3","7","3.0"
"1460","ドラマクイーン　フルシャウト","3","7","2.3"
"1461","Luxor（原題）","1","9","4.0"
"1462","白骨街道","4","6","5.0"
"1463","Mon cousin（原題）","-","10","-"
"1464","Centigrade（原題）","1","9","2.8"
"1465","テイラー・トムリンソンのクオーターライフ・クライシス","7","3","4.3"
"1466","パピルス","9","1","2.0"
"1467","ウィッチャー: 制作の舞台裏","4","6","3.3"
"1468","Hillary（原題）","1","9","4.4"
"1469","PERSONAL DISTANCE","6","4","4.1"
"1470","君にメロメロ","5","5","2.4"
"1471","Death of Nintendo（原題）","1","9","1.5"
"1472","The Way I See It（原題）","1","9","4.4"
"1473","父、息子、そしてビーチ","9","1","3.7"
"1474","Listen（原題）","6","4","3.7"
"1475","日本統一42","5","4","3.8"
"1476","日本極道戦争 第六章","3","6","-"
"1477","ガールズ・コマンドー","1","8","2.7"
"1478","極道の門 第七部","3","6","5.0"
"1479","タイムネット","5","4","3.0"
"1480","デューン・ サバイバー 砂の惑星","-","9","-"
"1481","Orphea（原題）","1","8","1.0"
"1482","Aggie（原題）","1","8","3.0"
"1483","Lindenberg! Mach dein Ding（原題）","-","9","-"
"1484","侵略","5","4","3.4"
"1485","Blast Beat（原題）","1","8","2.0"
"1486","異端者(The Heretic)","5","4","3.1"
"1487","Hour of Lead（原題）","4","5","3.3"
"1488","決着","1","8","3.5"
"1489","Ofrenda a la tormenta（原題）","2","7","2.9"
"1490","ドリームキャッチャー　呪われた魔除け","-","9","-"
"1491","おかえり太郎","7","2","2.6"
"1492","Yes-People","6","3","3.4"
"1493","高崎物語 -願-","2","7","-"
"1494","縄の呪い2","5","4","3.0"
"1495","オキナワ サントス","6","3","-"
"1496","サイエンティスト　禁断の実験","7","2","2.0"
"1497","エミシーダ: アマレーロ - 過ぎゆく時の中で","4","5","3.5"
"1498","影と呼ばれた男たち2","2","6","1.1"
"1499","シュウカツ4","7","1","2.5"
"1500","スーパーヒーロー・パンツマンの選んで進むエピソード大劇場","2","6","2.3"
"1501","King's Gambit（原題）","-","8","-"
"1502","Hotel Lake（英題）","1","7","3.0"
"1503","Paris Calligrammes（原題）","1","7","-"
"1504","Laila aur satt geet（原題）","1","7","4.0"
"1505","散った後","6","2","2.7"
"1506","Robin's Wish（原題）","1","7","-"
"1507","Come True（原題）","1","7","3.5"
"1508","だからよ～鶴見","4","4","2.8"
"1509","The Racer（原題）","-","8","-"
"1510","カパエマフの魔法石","7","1","3.5"
"1511","Laxmii（原題）","-","8","-"
"1512","Take Me Home (英題）","1","7","3.2"
"1513","なんと父よ!","7","1","3.4"
"1514","SHORT TRIAL PROJECT 2020","1","7","3.5"
"1515","The Reckoning（原題）","-","8","-"
"1516","劇場版 DISTORTION GIRL","-","8","-"
"1517","La Veronica（原題）","1","7","4.0"
"1518","影と呼ばれた男たち5","1","6","-"
"1519","霊犬戦士ハヤタロー　伊那谷幽玄の戦い","2","5","3.2"
"1520","私だってするんです2","-","7","-"
"1521","Present Still Perfect（原題）","2","5","2.0"
"1522","オメテオトル≠HERO","4","3","2.3"
"1523","My Donkey, My Lover & I（英題）","2","5","2.3"
"1524","DRUNK","5","2","3.9"
"1525","Jawaani Jaaneman（原題）","2","5","3.6"
"1526","7 ore per farti innamorare（原題）","-","7","-"
"1527","Gulabo Sitabo（原題）","-","7","-"
"1528","The Earth Is Blue as an Orange（原題）","2","5","5.0"
"1529","We Are One: 共に目指す未来","6","1","2.5"
"1530","Welcome to Sudden Death（原題）","1","6","2.9"
"1531","運命のゲーム","4","3","2.6"
"1532","マイティ・オーク","-","7","-"
"1533","トビーとスクールバス","6","1","3.4"
"1534","Jumanji: Level One（原題）","2","5","-"
"1535","花浴","3","4","3.0"
"1536","フアンキニのB級クリスマス","4","3","3.1"
"1537","Sleep（英題）","1","6","3.3"
"1538","Bloody Hell（原題）","1","6","3.0"
"1539","カナルタ―螺旋状の夢―","4","3","4.4"
"1540","おばあちゃんから、最後のお願い","4","3","2.7"
"1541","El Planeta（原題）","1","6","2.5"
"1542","首領２","4","2","4.0"
"1543","麻雀破壊神 むこうぶち傀 相性","2","4","2.5"
"1544","首領","4","2","4.0"
"1545","いつかのナツ 愛欲の夕暮れキャンパス","3","3","3.7"
"1546","Creators: The Past（原題）","1","5","3.5"
"1547","Petit pays（原題）","-","6","-"
"1548","女詐欺師レン　キケンな情事を追え！","1","5","3.5"
"1549","Impractical Jokers: The Movie（原題）","2","4","2.9"
"1550","Bad Therapy（原題）","1","5","2.0"
"1551","The Go-Go's（原題）","3","3","3.6"
"1552","さよなら魔法少女","4","2","4.0"
"1553","Shikara（原題）","1","5","4.0"
"1554","マーク・マロンの楽しい終末","2","4","-"
"1555","Volevo nascondermi（原題）","1","5","-"
"1556","Los conductos（原題）","1","5","4.5"
"1557","Window Boy Would Also Like to Have a Submarine（英題）","1","5","4.0"
"1558","The Crossing（英題）","-","6","-"
"1559","ジェリー・サインフェルド: 退屈しのぎの23時間","6","-","3.5"
"1560","Always Amber（原題）","-","6","-"
"1561","クジラは泳がない","4","2","2.8"
"1562","女子は敷居を跨げば七人の敵あり","4","2","4.5"
"1563","恋は降りしきる雨のよう","5","1","3.3"
"1564","せみのこえ","1","5","2.6"
"1565","#放生津カンタータ","3","3","2.3"
"1566","スパルタン 皆殺しの戦場","1","5","-"
"1567","KA.TA.MI.","4","2","3.4"
"1568","Paava Kadhaigal（原題）","3","3","3.0"
"1569","エレメント・シスターズ 4分の1の魔法","3","3","2.9"
"1570","Festival（英題）","4","2","4.4"
"1571","Return to Splatter Farm（原題）","-","6","-"
"1572","日本極道戦争 第五章","4","1","4.0"
"1573","極王6","2","3","-"
"1574","極道の門 第六部","4","1","4.0"
"1575","権力の階段~総理への道~3","1","4","4.3"
"1576","下町任侠伝鷹","1","4","4.0"
"1577","John Henry（原題）","-","5","-"
"1578","Nightshift（原題）","-","5","-"
"1579","みちるレスキュー！","4","1","2.9"
"1580","Shimla Mirchi（原題）","-","5","-"
"1581","Father There is Only One 2（英題）","2","3","3.9"
"1582","Otac（原題）","1","4","-"
"1583","CAT","2","3","2.8"
"1584","The Tango of the Widower and Its Distorting Mirror（英題）","-","5","-"
"1585","Downstream to Kinshasa（原題）","1","4","3.0"
"1586","The Prisoner（英題）","-","5","-"
"1587","フォーチュン・フィームスターの甘～い&しょっぱい","3","2","5.0"
"1588","バート・クライシャーの俺はビッグボーイ","-","5","-"
"1589","トム・セグラの自分勝手にやるぜ","2","3","-"
"1590","デイ・アフター・トゥモロー2021","1","4","-"
"1591","Devi（原題）","1","4","-"
"1592","ウルシラ・カールソンの負け組万歳!","2","3","4.7"
"1593","ジョー・コイのこれぞ俺らの真骨頂!","3","2","3.2"
"1594","Ghost in you","4","1","2.6"
"1595","Ron Hopper's Misfortune（原題）","-","5","-"
"1596","Perfect One-night Stand（英題）","1","4","3.5"
"1597","ビッグフロー&オリー: フレンチ・ヒップホップ界の彗星","2","3","3.6"
"1598","Bhoot: Part One - The Haunted Ship（原題）","1","4","-"
"1599","浴場の象","5","-","3.6"
"1600","はなうたの鳴るほうへ","2","3","5.0"
"1601","人間妖怪 鬼鈴","1","4","2.5"
"1602","お客様に笑顔を","4","1","2.6"
"1603","ワンダフル千鳥足 in ワンダーランド","2","3","5.0"
"1604","ヴィール・ダースのロックダウン・スペシャル","3","2","4.3"
"1605","ニュース","5","-","3.0"
"1606","我が友・原子力　放射能の世紀","-","5","-"
"1607","Getting to Know You（原題）","1","4","4.8"
"1608","はちみつレモネード","2","3","-"
"1609","Modern Persuasion（原題）","-","5","-"
"1610","ROLL","5","-","3.6"
"1611","静謐と夕暮","3","2","4.0"
"1612","Tigers（原題）","1","4","4.3"
"1613","キングダム6～首領になった男～","2","2","-"
"1614","日本極道戦争 第七章","3","1","3.5"
"1615","セクシータイム・リターン　貪欲ビンカン美女と時をかける絶頂","2","2","3.0"
"1616","麻雀破壊神 むこうぶち傀 山師","3","1","2.5"
"1617","劇場版　れっしゃだいこうしん2020 ドキドキすごろくツアー","2","2","3.6"
"1618","エクスタシー・イコライザーREN 妖艶美女が溺れるキケンな恍惚","1","3","3.5"
"1619","下町任侠伝鷹２","-","4","-"
"1620","The Warrant（原題）","-","4","-"
"1621","SEAMO 15th Anniversary Movie「もしもあの時 “if”」","2","2","-"
"1622","Darkness Falls（原題）","-","4","-"
"1623","ソン・トゥンM-TP: Sky Tour Movie","2","2","4.1"
"1624","Naked Animals（英題）","1","3","1.5"
"1625","水仙","1","3","-"
"1626","Mare（原題）","-","4","-"
"1627","Getaway（原題）","-","4","-"
"1628","Minyan（原題）","-","4","-"
"1629","Fatherhood（原題）","-","4","-"
"1630","The Exit of the Trains（英題）","-","4","-"
"1631","Wildland（英題）","1","3","3.5"
"1632","アレックス・フェルナンデス: 世界一のコメディアン","3","1","3.8"
"1633","La Leyenda Negra（原題）","-","4","-"
"1634","The Fox Hunter（原題）","-","4","-"
"1635","カナン・ギルの""拝啓、未来のボクへ""","-","4","-"
"1636","Shakuntala Devi（原題）","-","4","-"
"1637","ケニー・セバスチャンの世界はオレ中心に回ってる","1","3","-"
"1638","Khuda Haafiz（原題）","1","3","-"
"1639","The One-Minute Memoir（原題）","2","2","2.5"
"1640","The Therapist: Fist of Tae-baek（英題）","1","3","2.2"
"1641","Ponmagal Vandhal（原題）","-","4","-"
"1642","Sarileru Neekevvaru（原題）","1","3","4.0"
"1643","John Lewis: Good Trouble（原題）","1","3","4.8"
"1644","逆流","4","-","3.5"
"1645","ギムス: ラッパーの素顔","1","3","3.0"
"1646","同じクラスの藤野くん","3","1","1.8"
"1647","ミシェル・ブトーのようこそブートピアへ","1","3","5.0"
"1648","SUSUKINO BEAT","3","1","2.3"
"1649","JL Family Ranch: The Wedding Gift（原題）","-","4","-"
"1650","Andhaghaaram（原題）","-","4","-"
"1651","Silver Skates（英題）","-","4","-"
"1652","Coolie No. 1（原題）","-","4","-"
"1653","The Perilous Internet Ring（英題）","-","4","-"
"1654","The Night（原題）","-","4","-"
"1655","Way Station（英題）","-","4","-"
"1656","Night of the Kings（英題）","1","3","3.0"
"1657","キングダム4～首領になった男～","3","-","4.0"
"1658","マサーミール ～ダナとおかしな3人組～","2","1","2.9"
"1659","Villain（原題）","-","3","-"
"1660","Inside the Rain（原題）","-","3","-"
"1661","Lootcase（原題）","-","3","-"
"1662","Ducobu 3（原題）","-","3","-"
"1663","トム・パパのあっぱれ人生!","1","2","3.5"
"1664","Shine Your Eyes（原題）","-","3","-"
"1665","No Hard Feelings（英題）","1","2","3.0"
"1666","Tous flics!（原題）","-","3","-"
"1667","Nympho: The Lust Story（原題）","1","2","2.5"
"1668","Schoolgirl（英題）","-","3","-"
"1669","Generations（原題）","-","3","-"
"1670","ノーボディ","2","1","3.5"
"1671","クリス・デリーアの苦労知らず","2","1","3.9"
"1672","オクトノーツと水中のどうくつ","2","1","2.5"
"1673","伏魔殿","1","2","-"
"1674","ダービット・バトラのわざわざ言うトコ<U+2048>","1","2","-"
"1675","ジョージ・ロペスのお安いご用!","-","3","-"
"1676","Knock Out（英題）","-","3","-"
"1677","COUNTRY DREAMER 私の道、生きる！","1","2","3.7"
"1678","ジム・ジェフェリーズの""アタマ""と""オナカ""にくるタイプ","1","2","3.5"
"1679","8:15","2","1","3.7"
"1680","夕張支線ノスタルジア","2","1","3.2"
"1681","Le Sorelle Macaluso（原題）","1","2","3.0"
"1682","ヨハンナ・ドーナル　女性大臣・フェミニスト","2","1","3.7"
"1683","サム・ジェイの午前3時に思うこと","1","2","-"
"1684","神の宇宙飛行士","-","3","-"
"1685","Solitary（原題）","-","3","-"
"1686","Black Beach（原題）","-","3","-"
"1687","なんてね。","1","2","-"
"1688","珈琲のしみ","1","2","-"
"1689","オクトノーツとグレート・バリア・リーフ","2","1","3.0"
"1690","こんな風に私は生きている。","2","1","2.8"
"1691","カット・カット","3","-","2.2"
"1692","アフォンソ・パディラの貧乏は細部に宿る","1","2","1.0"
"1693","ウルフハンターが行く！","-","3","-"
"1694","ビッツ","2","1","3.6"
"1695","In The Dark","1","2","-"
"1696","The Barber","2","1","-"
"1697","Rent-a-Pal（原題）","1","2","-"
"1698","フェリックス・ロブレヒトのいつまでトべる!?","1","2","3.3"
"1699","Horse Latitudes（原題）","-","3","-"
"1700","Chhalaang（原題）","-","3","-"
"1701","ブラジャーねこ","1","2","3.4"
"1702","I Am Here－私たちはともに生きている－","1","2","-"
"1703","A Little Christmas Charm（原題）","-","3","-"
"1704","母の面影が語ること","2","1","3.6"
"1705","棺","1","2","3.9"
"1706","Everglow（英題）","-","3","-"
"1707","ドリーミング・デルフィ","2","1","2.9"
"1708","Love in Store（原題）","-","3","-"
"1709","キングダム5～首領になった男～","2","-","-"
"1710","極王5","2","-","-"
"1711","日本極道戦争 第八章","1","1","-"
"1712","Curveball（原題）","-","2","-"
"1713","おっさんずルネッサンス","1","1","-"
"1714","Vaanam Kottattum（原題）","-","2","-"
"1715","Kaamyaab（原題）","-","2","-"
"1716","既婚者サークル　人妻たちの輪舞曲","1","1","3.4"
"1717","ボリショイ・バレエ in シネマ Season 2019-2020 「ジュエルズ」","-","2","-"
"1718","ERICA～青い炎～","-","2","-"
"1719","ミス・アンディ","2","-","3.0"
"1720","Happy Happy Joy Joy - The Ren & Stimpy Story（原題）","-","2","-"
"1721","Luz nos tropicos（原題）","-","2","-"
"1722","STIGMA -スティグマ-","1","1","4.3"
"1723","トゥルー: ワズルエッグの日","-","2","-"
"1724","Hacked（原題）","-","2","-"
"1725","Nardjes A.（原題）","-","2","-"
"1726","Saudi Runaway（原題）","-","2","-"
"1727","Buku Harianku（原題）","-","2","-"
"1728","Deadly Cyber Bully（原題）","-","2","-"
"1729","直観","1","1","2.8"
"1730","My Boyfriend's Meds（原題）","-","2","-"
"1731","Pandamonium（原題）","1","1","3.0"
"1732","The American Sector（原題）","-","2","-"
"1733","ファンジオ: マシンを自由自在に操った男","-","2","-"
"1734","Brot（原題）","1","1","-"
"1735","ドラゴンレスキューライダーズ: ソングウィングの秘密","1","1","3.5"
"1736","スーパーモンスターズ: 新しいクラス","-","2","-"
"1737","Capel Green（原題）","-","2","-"
"1738","マウリシオ・メイレレスのカオスがやってくる","-","2","-"
"1739","9 Days at Raqqa（英題）","1","1","3.0"
"1740","ティアゴ・ベントゥラの断固反対","-","2","-"
"1741","Tijuana Jackson: Purpose Over Prison（原題）","-","2","-"
"1742","Cafe on Sale（原題）","-","2","-"
"1743","Circus Person（原題）","1","1","3.2"
"1744","Toto（原題）","2","-","2.4"
"1745","Tread（原題）","1","1","3.5"
"1746","ストレスフルスイング","2","-","-"
"1747","膨らみ","2","-","3.8"
"1748","劇場版　現代怪奇百物語　弐之章","2","-","2.3"
"1749","マイケル・マッキンタイアの僕はショーマン","-","2","-"
"1750","限界のその先へ: ICC女子T20ワールドカップ2020","2","-","-"
"1751","Good Samaritan（原題）","-","2","-"
"1752","アイドル","2","-","-"
"1753","Dying for A Daughter（原題）","-","2","-"
"1754","ネス湖での遠泳","2","-","3.0"
"1755","One blue rainy day（英題）","-","2","-"
"1756","DINO!","2","-","3.2"
"1757","Transhood（原題）","1","1","-"
"1758","愛について語るときにコビトの語ること","1","1","-"
"1759","Sisters Apart（英題）","1","1","3.0"
"1760","ビッグフット: 陰謀","2","-","1.8"
"1761","Durgamati: The Myth（原題）","-","2","-"
"1762","かくれんぼ","-","2","-"
"1763","オーサカの夜","1","1","2.6"
"1764","気まずいなあ","-","2","-"
"1765","Castle Freak（原題）","-","2","-"
"1766","Flowers 02（原題）","-","2","-"
"1767","The Bee Gees: How Can You Mend a Broken Heart（原題）","1","1","-"
"1768","Look Then Below（原題）","1","1","-"
"1769","Hunted（原題）","-","2","-"
"1770","Rosa's Wedding（英題）","1","1","3.8"
"1771","Son of Monarchs（原題）","1","1","3.0"
"1772","ドラゴンレスキューライダーズ: 黄金の卵を探せ","-","1","-"
"1773","First Lady（原題）","-","1","-"
"1774","Kartoffelsalat 3 - Das Musical（原題）","-","1","-"
"1775","The Last City（英題）","-","1","-"
"1776","Beast Beast（原題）","1","-","3.5"
"1777","Jak zostalem gangsterem. Historia prawdziwa（原題）","1","-","-"
"1778","Sex and the Future（原題）","-","1","-"
"1779","Into the Deep（原題）","-","1","-"
"1780","This Is My Desire（英題）","-","1","-"
"1781","Sow the Wind（英題）","1","-","3.9"
"1782","Viva the Underdogs（原題）","-","1","-"
"1783","A Common Crime（英題）","1","-","-"
"1784","Pari（原題）","1","-","3.1"
"1785","Natalie Wood: What Remains Behind（原題）","-","1","-"
"1786","Live（原題）","-","1","-"
"1787","16 Bars（原題）","-","1","-"
"1788","Her Deadly Reflections（原題）","-","1","-"
"1789","Digger（原題）","1","-","3.0"
"1790","Influence（原題）","-","1","-"
"1791","Just for the Summer（原題）","-","1","-"
"1792","Softie（原題）","-","1","-"
"1793","Medium（原題）","-","1","-"
"1794","Street Survivors: The True Story of the Lynyrd Skynyrd Plane Crash（原題）","-","1","-"
"1795","Victoria（原題）","-","1","-"
"1796","Double Tap（原題）","1","-","3.8"
"1797","Days of Cannibalism（原題）","-","1","-"
"1798","Jetzt oder morgen（原題）","-","1","-"
"1799","現実を受け入れるべく夢を見る","1","-","-"
"1800","L'Albatros（原題）","-","1","-"
"1801","シ、ナリオ","1","-","2.4"
"1802","The Fight for Greenland（原題）","-","1","-"
"1803","ビーンズ・ラブ","1","-","-"
"1804","Teuri（英題）","-","1","-"
"1805","Egg（原題）","1","-","3.2"
"1806","Ivory Burn（原題）","1","-","2.0"
"1807","Blood Rider（原題）","1","-","3.4"
"1808","The Light Side（原題）","1","-","2.0"
"1809","Motorcycle Drive By（原題）","1","-","2.5"
"1810","When I Write It（原題）","1","-","2.0"
"1811","Lions in the Corner（原題）","1","-","2.3"
"1812","トゥルー: ともだちの日","-","1","-"
"1813","スーパーモンスターズ: モンスターの日","-","1","-"
"1814","Moondance（原題）","1","-","2.8"
"1815","ゴーストダイアリーズ","-","1","-"
"1816","Zanka Contact（原題）","1","-","3.5"
"1817","Saul & Ruby's Holocaust Survivor Band（原題）","-","1","-"
"1818","かめさんぽ","1","-","-"
"1819","Monday（原題）","-","1","-"
"1820","アイアムビューティフル","1","-","-"
"1821","Siempre, Luis（原題）","1","-","-"
"1822","Ottolenghi and the Cakes of Versailles（原題）","1","-","2.5"
"1823","保留中","1","-","-"
"1824","The Lift（英題）","-","1","-"
"1825","Mephisto（英題）","-","1","-"
"1826","Ensemble（英題）","-","1","-"
"1827","The Mothman Legacy（原題）","1","-","-"
"1828","Of Fish and Men（英題）","1","-","3.5"
"1829","Naked Cannibal Campers（原題）","-","1","-"
"1830","Becoming Mona（英題）","1","-","3.0"
"1831","Suraj Pe Mangal Bhari（原題）","-","1","-"
"1832","やさしい匂い","1","-","-"
"1833","白根紙鳶見聞録 - 凧ノ国","1","-","-"
"1834","クリスマス・グリーティング","1","-","-"
"1835","The Forgotten Carols（原題）","-","1","-"
"1836","The Christmas Edition（原題）","-","1","-"
"1837","The Auschwitz Report（原題）","1","-","3.8"
"1838","A Royal Christmas Engagement（原題）","-","1","-"
"1839","Indoo Ki Jawani（原題）","-","1","-"
"1840","まよなかのいぬごやレース","-","1","-"
"1841","Shadows（原題）","-","1","-"
"1842","Voice～伝える先に見えるもの～","-","1","-"
"1843","The Trouble with Nature（原題）","1","-","2.8"
"1844","Snake Oil","1","-","-"
"1845","MELVAS","-","1","-"
"1846","Caveat（原題）","1","-","3.0"
"1847","Strain 100（原題）","-","1","-"
"1848","Trump vs the Illuminati（原題）","-","1","-"
"1849","ローラースケート売っちゃったの？","-","1","-"
"1850","リトル・ヒリー","1","-","2.6"
"1851","私、バルナべ","1","-","3.6"
"1852","Masel Tov Cocktail（原題）","1","-","-"
"1853","You Cannot Kill David Arquette（原題）","-","1","-"
"1854","Today, Together 2（英題）","-","1","-"
"1855","Croissant（英題）","-","1","-"
"1856","Breaking Fast（原題）","-","1","-"
"1857","Butchers（原題）","-","1","-"
"1858","Tales from the Hood 3（原題）","-","1","-"
"1859","Home Movies（原題）","1","-","-"
"1860","Warm Hug（英題）","-","1","-"
"1861","Conference（英題）","1","-","2.8"
"1862","Violation（原題）","1","-","3.3"
"1863","ライフ オブ スカイウォーカー","-","1","-"
"1864","American Deep State（原題）","-","-","-"
"1865","Fright（原題）","-","-","-"
"1866","The Wishmas Tree（原題）","-","-","-"
"1867","節子","-","-","-"
"1868","Heart of Africa（原題）","-","-","-"
"1869","Liquid（原題）","-","-","-"
"1870","Dry Wind（英題）","-","-","-"
"1871","El viaje de Javier Heraud（原題）","-","-","-"
"1872","The Egg（原題）","-","-","-"
"1873","Blind Eyes Opened（原題）","-","-","-"
"1874","Kunst kommt aus dem Schnabel wie er gewachsen ist（原題）","-","-","-"
"1875","Nomera（原題）","-","-","-"
"1876","Golda Maria（原題）","-","-","-"
"1877","Veinteanera: Divorciada y Fantastica（原題）","-","-","-"
"1878","We go in at Dawn（原題）","-","-","-"
"1879","Los Hijos de San Luis（原題）","-","-","-"
"1880","In Deep Sleep（英題）","-","-","-"
"1881","City of Salt（原題）","-","-","-"
"1882","Entre perro y lobo（原題）","-","-","-"
"1883","The House of Love（英題）","-","-","-"
"1884","Divinely Evil（英題）","-","-","-"
"1885","Zenek（原題）","-","-","-"
"1886","Obscene Beauty（原題）","-","-","-"
"1887","A l’entree de la nuit（原題）","-","-","-"
"1888","Union County（原題）","-","-","-"
"1889","Schlingensief - In das Schweigen hineinschreien（原題）","-","-","-"
"1890","Anunciaron tormenta（原題）","-","-","-"
"1891","Dehesa, el bosque del lince iberico（原題）","-","-","-"
"1892","The Foundation Pit（英題）","-","-","-"
"1893","What remains（英題）","-","-","-"
"1894","After the Crossing（英題）","-","-","-"
"1895","Frem（原題）","-","-","-"
"1896","Gli appunti di Anna Azzori（原題）","-","-","-"
"1897","Screened Out（原題）","-","-","-"
"1898","Dead Voices（原題）","-","-","-"
"1899","My Galactic Twin Galaction（原題）","-","-","-"
"1900","So We Live（原題）","-","-","-"
"1901","Oeconomia（原題）","-","-","-"
"1902","Petit Samedi（原題）","-","-","-"
"1903","Ecume（原題）","-","-","-"
"1904","Huntsville Station（原題）","-","-","-"
"1905","Aufzeichnungen aus der Unterwelt（原題）","-","-","-"
"1906","The Two Sights（原題）","-","-","-"
"1907","Inflorescence（原題）","-","-","-"
"1908","A Demonstration（原題）","-","-","-"
"1909","Corporate Accountability（英題）","-","-","-"
"1910","Ouvertures（原題）","-","-","-"
"1911","Filipinana（原題）","-","-","-"
"1912","The Fall of Camp Blood（原題）","-","-","-"
"1913","ビー、マイ・フレンド","-","-","-"
"1914","Cause of Death（原題）","-","-","-"
"1915","I Am Patrick: The Patron Saint of Ireland（原題）","-","-","-"
"1916","One in a Thousand（英題）","-","-","-"
"1917","Amazon Mirror（英題）","-","-","-"
"1918","Greve ou creve（原題）","-","-","-"
"1919","Atk<U+016B>rimas（原題）","-","-","-"
"1920","Speer Goes to Hollywood（原題）","-","-","-"
"1921","Part of Me（原題）","-","-","-"
"1922","The Zone: Games of Hunger（原題）","-","-","-"
"1923","Yusuf Hawkins: Storm Over Brooklyn（原題）","-","-","-"
"1924","La battaglia di Roma 1849（原題）","-","-","-"
"1925","CatVideoFest 2020（原題）","-","-","-"
"1926","Z.N.","-","-","-"
"1927","Created Equal: Clarence Thomas in His Own Words（原題）","-","-","-"
"1928","The Aerialist（原題）","-","-","-"
"1929","Trump Card（原題）","-","-","-"
"1930","Asking God（原題）","-","-","-"
"1931","ハコキョーフショーノオトコ -THE MAN SCARED OF BOX-","-","-","-"
"1932","祖母の部屋","-","-","-"
"1933","Juvenile Delinquents: New World Order（原題）","-","-","-"
"1934","Ciroka Bajaren Weranbuyi: Singal（原題）","-","-","-"
"1935","Lonely Encounter（英題）","-","-","-"
"1936","The Unfamiliar（原題）","-","-","-"
"1937","常神バルカローレ","-","-","-"
"1938","Una Chica Invisible（原題）","-","-","-"
"1939","Powerbomb（原題）","-","-","-"
"1940","Ausgrissn! - In der Lederhosn nach Las Vegas（原題）","-","-","-"
"1941","Daisy Derkins and the Dinosaur Apocalypse（原題）","-","-","-"
"1942","Then Came You（原題）","-","-","-"
"1943","The Last People of Chernobyl 3（英題）","-","-","-"
"1944","Where No One Knows Us（英題）","-","-","-"
"1945","Mighty Ira（原題）","-","-","-"
"1946","ニック・メイスンズ・ソーサーフル・オブ・シークレッツ「ライヴ・アット・ザ・ラウンドハウス」","-","-","-"
"1947","Killing Small Animals（原題）","-","-","-"
"1948","Meeting（原題）","-","-","-"
"1949","春空と秋空","-","-","-"
"1950","Spitting Image（原題）","-","-","-"
"1951","Dutch（原題）","-","-","-"
"1952","Hope","-","-","-"
"1953","Your Smile","-","-","-"
"1954","化猫ヤス／Long Live the Cat","-","-","-"
"1955","Office 39（英題）","-","-","-"
"1956","カレント・シー","-","-","-"
"1957","Sacrilege（原題）","-","-","-"
"1958","ラ・マノ","-","-","-"
"1959","The Mark of the Bell Witch（原題）","-","-","-"
"1960","One Step Ahead（原題）","-","-","-"
"1961","Riding the Dragon（原題）","-","-","-"
"1962","The Leprechaun's Game（英題）","-","-","-"
"1963","Legacy（原題）","-","-","-"
"1964","The Special（原題）","-","-","-"
"1965","WineGame","-","-","-"
"1966","Alabama Snake (II) （原題）","-","-","-"
"1967","Carnival","-","-","-"
"1968","He Who Is Without Sin（原題）","-","-","-"
"1969","Konga Tnt（原題）","-","-","-"
"1970","The Author, The Star And The Keeper（原題）","-","-","-"
"1971","Here We Move Here We Groove（原題）","-","-","-"
"1972","LemonMilk","-","-","-"
"1973","Apartment Orgy","-","-","-"
"1974","煩悩","-","-","-"
"1975","ナウエルと魔法の本","-","-","-"
"1976","Pedal to the Metal","-","-","-"
"1977","狩り","-","-","-"
"1978","Not a Robot","-","-","-"
"1979","Bart’s Revenge","-","-","-"
"1980","Pretty Men(英題）","-","-","-"
"1981","Dead（原題）","-","-","-"
"1982","The Curse of Hobbes House（原題）","-","-","-"
"1983","In The End","-","-","-"
"1984","Memories For Sale","-","-","-"
"1985","TADAIMA","-","-","-"
"1986","Follow Me to Daisy Hills（原題）","-","-","-"
"1987","動かない人 -Indifferent person-","-","-","-"
"1988","Katherine Jenkins Christmas Spectacular（原題）","-","-","-"
"1989","夜に輝く我が友よ","-","-","-"
"1990","グロリア・スコットの冒険～大聖堂殺人事件～","-","-","-"
"1991","独房にて","-","-","-"
"1992","三年後","-","-","-"
"1993","ホモ・エレクタトゥース","-","-","-"
"1994","生まれ変わり事業","-","-","-"
"1995","今しかにゃい","-","-","-"
"1996","呪い婆","-","-","-"
"1997","龍帝外伝《第一章》Dirty Hawk","-","-","-"
"1998","選んでごらん","-","-","-"
"1999","ぐっすりお眠り、トマトの子","-","-","-"
"2000","アンナ、猫かネズミか","-","-","-"
"2001","黄金の心臓","-","-","-"
"2002","A Stormy Night（原題）","-","-","-"
"2003","Tales of the Uncanny（原題）","-","-","-"
"2004","Killer Raccoons 2: Dark Christmas in the Dark（原題）","-","-","-"
"2005","The Chicken（原題）","-","-","-"
"2006","Tar（原題）","-","-","-"
"2007","Barbie Princess Adventure（原題）","-","-","-"
"2008","(Instrumental)","-","-","-"
"2009","GLIDE","-","-","-"
"2010","旧グッゲンハイム邸裏長屋","-","-","-"
"2011","インビジブル","-","-","-"
"2012","No Roses on a Sailor's Grave（原題）","-","-","-"
"2013","Tape 39（原題）","-","-","-"
